date,symbol,id,orderId,side,price,qty,realizedPnl,marginAsset,quoteQty,commission,commissionAsset,time,positionSide,buyer,maker
2024-03-09 16:00:00.000,ETHUSDT,3791049430,8.39e+18,SELL,3547.11,0.007,0.0,USDT,24.82977,0.00744893,USDT,1710000000000.0,BOTH,False,False
2024-03-21 10:01:29.726,UNIUSDT,409946183,21173008332.0,BUY,12.02,2.0,0.0,USDT,24.04,0.007212,USDT,1711015289726.0,BOTH,True,False
2024-03-22 19:59:40.224,UNIUSDT,410622857,21189758211.0,SELL,11.751,2.0,-0.538,USDT,23.502,0.0070506,USDT,1711137580224.0,BOTH,False,False
2024-03-22 19:59:40.224,ETHUSDT,3799220898,8.389765665017799e+18,BUY,3346.76,0.007,1.40245,USDT,23.42732,0.00702819,USDT,1711137580224.0,BOTH,True,False
2024-03-25 09:16:56.760,LTCUSDT,883657228,29984307152.0,SELL,89.32,1.413,0.0,USDT,126.20916,0.03786274,USDT,1711358216760.0,BOTH,False,False
2024-03-25 09:17:02.032,BTCUSDT,4795450956,295761700367.0,BUY,66847.4,0.002,0.0,USDT,133.6948,0.04010844,USDT,1711358222032.0,BOTH,True,False
2024-03-26 16:30:35.908,BTCUSDT,4803080438,296928634800.0,SELL,70009.5,0.002,6.3242,USDT,140.019,0.0420057,USDT,1711470635908.0,BOTH,False,False
2024-03-26 16:30:35.913,LTCUSDT,884406204,29998608135.0,BUY,88.45,1.583,1.37721,USDT,140.01635,0.0420049,USDT,1711470635913.0,BOTH,True,False
2024-03-28 08:22:00.880,LTCUSDT,886468379,30032871315.0,SELL,95.94,0.263,0.0,USDT,25.23222,0.00756966,USDT,1711614120880.0,SHORT,False,False
2024-03-28 08:22:06.132,XRPUSDT,1443908041,53647228571.0,BUY,0.6244,39.6,0.0,USDT,24.72624,0.00741787,USDT,1711614126132.0,LONG,True,False
2024-03-28 10:25:58.906,ATOMUSDT,667597168,18998766887.0,SELL,12.481,2.02,0.0,USDT,25.21162,0.00756348,USDT,1711621558906.0,SHORT,False,False
2024-03-28 10:26:04.317,DOTUSDT,800555981,22907596788.0,BUY,9.528,2.6,0.0,USDT,24.7728,0.00743184,USDT,1711621564317.0,LONG,True,False
2024-03-28 10:26:09.529,ATOMUSDT,667597208,18998767698.0,SELL,12.485,2.02,0.0,USDT,25.2197,0.00756591,USDT,1711621569529.0,SHORT,False,False
2024-03-28 10:26:14.680,ADAUSDT,1095738684,40682455797.0,BUY,0.6484,38.0,0.0,USDT,24.6392,0.00739176,USDT,1711621574680.0,LONG,True,False
2024-03-29 08:03:12.645,ETHUSDT,3824117518,8.389765667056736e+18,BUY,3527.51,0.007,0.0,USDT,24.69257,0.00740777,USDT,1711699392645.0,LONG,True,False
2024-03-29 08:03:17.951,UNIUSDT,412772024,21241042423.0,SELL,12.584,2.0,0.0,USDT,25.168,0.0075504,USDT,1711699397951.0,SHORT,False,False
2024-03-29 16:01:01.414,ADAUSDT,1096482453,40708131938.0,SELL,0.6513,39.0,0.0,USDT,25.4007,0.00762021,USDT,1711728061414.0,SHORT,False,False
2024-03-29 16:01:06.793,MATICUSDT,985516563,32572553875.0,BUY,0.9885,25.0,0.0,USDT,24.7125,0.00741375,USDT,1711728066793.0,LONG,True,False
2024-03-31 12:00:39.606,ATOMUSDT,668774640,19019353461.0,BUY,12.296,2.02,0.41188474,USDT,24.83792,0.00745137,USDT,1711886439606.0,SHORT,True,False
2024-03-31 12:00:39.715,DOTUSDT,801819594,22930450846.0,SELL,9.572,2.6,0.1144,USDT,24.8872,0.00746616,USDT,1711886439715.0,LONG,False,False
2024-03-31 21:14:55.612,ATOMUSDT,668864846,19020921287.0,BUY,12.207,1.97,0.57701958,USDT,24.04779,0.00769529,USDT,1711919695612.0,SHORT,True,False
2024-03-31 21:14:55.730,ADAUSDT,1097388018,40743404108.0,SELL,0.6493,38.0,0.01130086,USDT,24.6734,0.00789548,USDT,1711919695730.0,LONG,False,False
2024-04-01 08:33:01.236,LTCUSDT,891106699,30113438499.0,BUY,105.08,1.023,-2.03849364,USDT,107.49684,0.03439898,USDT,1711960381236.0,SHORT,True,False
2024-04-01 08:33:11.911,XRPUSDT,1447869521,53928099225.0,SELL,0.6106,40.7,-0.65896859,USDT,24.85142,0.00795245,USDT,1711960391911.0,LONG,False,False
2024-04-02 00:00:42.745,ETHUSDT,3834529570,8.389765667883398e+18,SELL,3507.56,0.007,0.01617,USDT,24.55292,0.00785693,USDT,1712016042745.0,LONG,False,False
2024-04-02 00:00:42.866,UNIUSDT,414071905,21265248100.0,BUY,12.43,2.0,0.41666666,USDT,24.86,0.0079552,USDT,1712016042866.0,SHORT,True,False
2024-04-02 05:15:10.542,ETHUSDT,3835887169,8.389765667946633e+18,SELL,3355.45,0.008,0.0,USDT,26.8436,0.00858995,USDT,1712034910542.0,SHORT,False,False
2024-04-02 05:15:11.597,ATOMUSDT,669619838,19031889120.0,BUY,11.166,2.22,0.0,USDT,24.78852,0.00793232,USDT,1712034911597.0,LONG,True,False
2024-04-02 08:00:32.334,ADAUSDT,1098474159,40774622387.0,BUY,0.5958,39.0,2.1606,USDT,23.2362,0.00743558,USDT,1712044832334.0,SHORT,True,False
2024-04-02 08:00:32.456,MATICUSDT,987344282,32609452519.0,SELL,0.9153,25.0,-1.83083333,USDT,22.8825,0.0073224,USDT,1712044832456.0,LONG,False,False
2024-04-03 12:00:35.156,ETHUSDT,3841876655,8.389765668300826e+18,SELL,3324.16,0.008,0.0,USDT,26.59328,0.00850984,USDT,1712145635156.0,SHORT,False,False
2024-04-03 12:00:36.305,UNIUSDT,414864181,21280689892.0,BUY,11.099,2.0,0.0,USDT,22.198,0.00710336,USDT,1712145636305.0,LONG,True,False
2024-04-06 20:00:58.283,ETHUSDT,3853063186,8.389765669294755e+18,BUY,3350.77,0.008,-0.08772,USDT,26.80616,0.00857797,USDT,1712433658283.0,SHORT,True,False
2024-04-06 20:00:58.391,ATOMUSDT,671224437,19062703424.0,SELL,11.057,2.22,-0.24198,USDT,24.54654,0.00785489,USDT,1712433658391.0,LONG,False,False
2024-04-07 23:40:18.006,ETHUSDT,3856013831,8.389765669633938e+18,SELL,3453.23,0.007,0.0,USDT,24.17261,0.00773523,USDT,1712533218006.0,SHORT,False,False
2024-04-07 23:40:19.153,ATOMUSDT,671462108,19066713296.0,BUY,11.085,2.23,0.0,USDT,24.71955,0.00791025,USDT,1712533219153.0,LONG,True,False
2024-04-08 04:00:48.755,ATOMUSDT,671504720,19067511141.0,BUY,11.006,2.25,0.0,USDT,24.7635,0.00792432,USDT,1712548848755.0,LONG,True,False
2024-04-08 04:00:49.766,DOTUSDT,805206663,22988528674.0,SELL,8.625,1.9,0.0,USDT,16.3875,0.005244,USDT,1712548849766.0,SHORT,False,False
2024-04-08 04:00:49.766,DOTUSDT,805206664,22988528674.0,SELL,8.625,1.0,0.0,USDT,8.625,0.00276,USDT,1712548849766.0,SHORT,False,False
2024-04-08 16:00:51.372,ATOMUSDT,671678722,19070487896.0,BUY,11.323,2.19,0.0,USDT,24.79737,0.00793515,USDT,1712592051372.0,LONG,True,False
2024-04-08 16:00:52.395,ADAUSDT,1101795956,40891555478.0,SELL,0.6083,42.0,0.0,USDT,25.5486,0.00817555,USDT,1712592052395.0,SHORT,False,False
2024-04-10 16:00:33.412,ATOMUSDT,672429896,19083964946.0,SELL,10.679,2.25,-1.02936319,USDT,24.02775,0.00768888,USDT,1712764833412.0,LONG,False,False
2024-04-10 16:00:33.545,DOTUSDT,806424585,23009672723.0,BUY,8.307,2.9,0.9222,USDT,24.0903,0.00770889,USDT,1712764833545.0,SHORT,True,False
2024-04-11 00:00:52.071,ADAUSDT,1103228953,40936494704.0,SELL,0.5856,43.0,0.0,USDT,25.1808,0.00805785,USDT,1712793652071.0,SHORT,False,False
2024-04-11 00:00:53.281,MATICUSDT,992078973,32710322601.0,BUY,0.8859,28.0,0.0,USDT,24.8052,0.00793766,USDT,1712793653281.0,LONG,True,False
2024-04-12 17:29:02.505,ATOMUSDT,673063283,19097090020.0,SELL,9.818,1.7,-2.24144107,USDT,16.6906,0.00584171,USDT,1712942942505.0,LONG,False,False
2024-04-12 17:29:02.505,ATOMUSDT,673063284,19097090020.0,SELL,9.817,0.49,-0.64655242,USDT,4.81033,0.00168361,USDT,1712942942505.0,LONG,False,False
2024-04-12 17:29:03.643,ADAUSDT,1104127558,40965275117.0,BUY,0.5148,42.0,3.44469176,USDT,21.6216,0.00756756,USDT,1712942943643.0,SHORT,True,False
2024-04-13 16:00:33.926,ATOMUSDT,673881510,19108085598.0,BUY,8.876,2.79,0.0,USDT,24.76404,0.00866741,USDT,1713024033926.0,LONG,True,False
2024-04-13 16:00:35.187,ADAUSDT,1105293972,40984578905.0,SELL,0.502,50.0,0.0,USDT,25.1,0.00878499,USDT,1713024035187.0,SHORT,False,False
2024-04-13 21:24:59.927,ADAUSDT,1106185818,40993453494.0,BUY,0.4141,93.0,12.25180823,USDT,38.5113,0.01347895,USDT,1713043499927.0,SHORT,True,False
2024-04-13 21:25:00.940,ADAUSDT,1106185879,40993454128.0,BUY,0.414,93.0,0.0,USDT,38.502,0.0134757,USDT,1713043500940.0,LONG,True,False
2024-04-13 21:25:05.553,ATOMUSDT,674513319,19113890398.0,SELL,7.462,5.02,-12.13918329,USDT,37.45924,0.01311073,USDT,1713043505553.0,LONG,False,False
2024-04-13 21:25:06.537,ATOMUSDT,674513330,19113890618.0,SELL,7.458,5.02,0.0,USDT,37.43916,0.0131037,USDT,1713043506537.0,SHORT,False,False
2024-04-13 21:32:14.627,ADAUSDT,1106208008,40993650242.0,SELL,0.4136,96.0,0.0,USDT,39.7056,0.01389696,USDT,1713043934627.0,SHORT,False,False
2024-04-13 21:32:48.412,ATOMUSDT,674525617,19113997338.0,BUY,7.416,4.98,0.0,USDT,36.93168,0.01292608,USDT,1713043968412.0,LONG,True,False
2024-04-13 21:43:00.019,ATOMUSDT,674534084,19114089374.0,SELL,7.463,4.98,0.23406,USDT,37.16574,0.013008,USDT,1713044580019.0,LONG,False,False
2024-04-13 21:43:04.431,ADAUSDT,1106222479,40993838466.0,BUY,0.4168,50.0,-0.16,USDT,20.84,0.007294,USDT,1713044584431.0,SHORT,True,False
2024-04-13 21:43:04.431,ADAUSDT,1106222480,40993838466.0,BUY,0.4168,46.0,-0.1472,USDT,19.1728,0.00671048,USDT,1713044584431.0,SHORT,True,False
2024-04-13 21:43:13.097,ATOMUSDT,674534154,19114090437.0,BUY,7.462,5.36,0.0,USDT,39.99632,0.01399871,USDT,1713044593097.0,LONG,True,False
2024-04-13 21:43:24.437,ADAUSDT,1106222711,40993844232.0,SELL,0.4179,26.0,0.0,USDT,10.8654,0.00380289,USDT,1713044604437.0,SHORT,False,False
2024-04-13 21:43:24.437,ADAUSDT,1106222712,40993844232.0,SELL,0.4179,69.0,0.0,USDT,28.8351,0.01009228,USDT,1713044604437.0,SHORT,False,False
2024-04-14 20:00:59.068,ATOMUSDT,675467579,19126481647.0,BUY,8.16,0.62,0.0,USDT,5.0592,0.00177072,USDT,1713124859068.0,LONG,True,False
2024-04-14 20:00:59.068,ATOMUSDT,675467580,19126481647.0,BUY,8.16,0.92,0.0,USDT,7.5072,0.00262752,USDT,1713124859068.0,LONG,True,False
2024-04-14 20:00:59.068,ATOMUSDT,675467581,19126481647.0,BUY,8.16,0.62,0.0,USDT,5.0592,0.00177072,USDT,1713124859068.0,LONG,True,False
2024-04-14 20:00:59.068,ATOMUSDT,675467582,19126481647.0,BUY,8.16,0.88,0.0,USDT,7.1808,0.00251328,USDT,1713124859068.0,LONG,True,False
2024-04-14 20:01:00.253,DOTUSDT,810295181,23062586613.0,SELL,6.599,3.8,0.0,USDT,25.0762,0.00877667,USDT,1713124860253.0,SHORT,False,False
2024-04-15 07:52:18.189,MATICUSDT,996772506,32781493947.0,SELL,0.7454,14.0,-1.967,USDT,10.4356,0.00365246,USDT,1713167538189.0,LONG,False,False
2024-04-15 07:52:18.189,MATICUSDT,996772507,32781493947.0,SELL,0.7454,14.0,-1.967,USDT,10.4356,0.00365246,USDT,1713167538189.0,LONG,False,False
2024-04-15 07:54:13.153,ADAUSDT,1107870039,41026617937.0,SELL,0.4889,40.0,2.996,USDT,19.556,0.0068446,USDT,1713167653153.0,LONG,False,False
2024-04-15 08:22:30.415,ATOMUSDT,675790436,19131845983.0,SELL,8.648,2.89,2.69749847,USDT,24.99272,0.00874745,USDT,1713169350415.0,LONG,False,False
2024-04-15 08:22:33.115,ADAUSDT,1107891415,41027068485.0,SELL,0.4942,53.0,4.2506,USDT,26.1926,0.00916741,USDT,1713169353115.0,LONG,False,False
2024-04-15 09:17:43.797,ATOMUSDT,675808165,19132163625.0,SELL,8.564,5.51,4.68014152,USDT,47.18764,0.01651567,USDT,1713172663797.0,LONG,False,False
2024-04-15 09:17:46.418,ADAUSDT,1107921924,41027740884.0,BUY,0.4864,95.0,-6.5075,USDT,46.208,0.0161728,USDT,1713172666418.0,SHORT,True,False
2024-04-16 08:59:55.570,UNIUSDT,424270141,21422128504.0,SELL,7.251,2.0,-7.696,USDT,14.502,0.0050757,USDT,1713257995570.0,LONG,False,False
2024-04-16 08:59:55.570,ATOMUSDT,676453361,19144086713.0,BUY,8.15,5.02,-3.47384,USDT,40.913,0.01431955,USDT,1713257995570.0,SHORT,True,False
2024-04-16 08:59:55.570,DOTUSDT,811547483,23084045370.0,BUY,6.725,3.8,-0.4788,USDT,25.555,0.00894425,USDT,1713257995570.0,SHORT,True,False
2024-04-16 08:59:55.570,ETHUSDT,3901566482,8.389765672532512e+18,BUY,3083.69,0.015,4.6357,USDT,46.25535,0.01618937,USDT,1713257995570.0,SHORT,True,False
2024-04-16 09:03:16.501,ETHUSDT,3901575116,8.389765672533412e+18,SELL,3092.84,0.026,0.0,USDT,80.41384,0.02814484,USDT,1713258196501.0,SHORT,False,False
2024-04-16 09:03:17.591,UNIUSDT,424271327,21422153974.0,BUY,7.277,11.0,0.0,USDT,80.047,0.02801645,USDT,1713258197591.0,LONG,True,False
2024-04-19 20:00:33.733,ETHUSDT,3919854805,8.389765673728667e+18,BUY,3098.06,0.026,-0.13572,USDT,80.54956,0.02819234,USDT,1713556833733.0,SHORT,True,False
2024-04-19 20:00:33.847,UNIUSDT,426124035,21461858019.0,SELL,7.565,11.0,3.168,USDT,83.215,0.02912525,USDT,1713556833847.0,LONG,False,False
2024-04-20 16:00:36.294,UNIUSDT,426362673,21467909363.0,SELL,7.716,3.0,0.0,USDT,23.148,0.00810179,USDT,1713628836294.0,SHORT,False,False
2024-04-20 16:00:36.294,UNIUSDT,426362674,21467909363.0,SELL,7.716,3.0,0.0,USDT,23.148,0.00810179,USDT,1713628836294.0,SHORT,False,False
2024-04-20 16:00:36.294,UNIUSDT,426362675,21467909363.0,SELL,7.716,3.0,0.0,USDT,23.148,0.00810179,USDT,1713628836294.0,SHORT,False,False
2024-04-20 16:00:36.294,UNIUSDT,426362676,21467909363.0,SELL,7.716,1.0,0.0,USDT,7.716,0.0027006,USDT,1713628836294.0,SHORT,False,False
2024-04-20 16:00:37.394,ATOMUSDT,678285360,19185602338.0,BUY,8.455,9.37,0.0,USDT,79.22335,0.02772817,USDT,1713628837394.0,LONG,True,False
2024-04-22 00:00:20.069,UNIUSDT,426733894,21476926998.0,BUY,7.725,10.0,-0.09,USDT,77.25,0.0270375,USDT,1713744020069.0,SHORT,True,False
2024-04-22 00:00:20.193,ATOMUSDT,678670472,19194591331.0,SELL,8.733,9.37,2.60486,USDT,81.82821,0.02863987,USDT,1713744020193.0,LONG,False,False
2024-04-23 02:11:27.476,NEARUSDT,651285158,22728691510.0,SELL,7.015,7.0,0.0,USDT,49.105,0.01718675,USDT,1713838287476.0,SHORT,False,False
2024-04-23 02:11:28.723,BNBUSDT,1266806274,55414774440.0,BUY,603.51,0.08,0.0,USDT,48.2808,0.01689828,USDT,1713838288723.0,LONG,True,False
2024-04-23 02:11:30.157,ATOMUSDT,679096769,19203527088.0,SELL,8.948,5.64,0.0,USDT,50.46672,0.01766335,USDT,1713838290157.0,SHORT,False,False
2024-04-23 02:11:31.311,ETHUSDT,3929219771,8.389765674653878e+18,BUY,3213.67,0.015,0.0,USDT,48.20505,0.01687176,USDT,1713838291311.0,LONG,True,False
2024-04-23 02:11:32.524,LTCUSDT,909929577,30544112639.0,BUY,85.53,0.579,0.0,USDT,49.52187,0.01733265,USDT,1713838292524.0,LONG,True,False
2024-04-23 02:11:33.834,XRPUSDT,1471905368,55251275374.0,SELL,0.5549,91.0,0.0,USDT,50.4959,0.01767356,USDT,1713838293834.0,SHORT,False,False
2024-04-23 08:42:15.572,LINKUSDT,970038166,32217520978.0,SELL,15.363,1.59,0.0,USDT,24.42717,0.0085495,USDT,1713861735572.0,SHORT,False,False
2024-04-23 08:42:15.572,LINKUSDT,970038167,32217520978.0,SELL,15.363,1.63,0.0,USDT,25.04169,0.00876459,USDT,1713861735572.0,SHORT,False,False
2024-04-23 08:42:15.572,LINKUSDT,970038168,32217520978.0,SELL,15.363,0.07,0.0,USDT,1.07541,0.00037639,USDT,1713861735572.0,SHORT,False,False
2024-04-23 08:42:16.620,APTUSDT,446815316,8942300273.0,BUY,9.88,5.0,0.0,USDT,49.4,0.01729,USDT,1713861736620.0,LONG,True,False
2024-04-23 11:26:53.632,XRPUSDT,1472169807,55273464231.0,SELL,0.544,260.0,0.0,USDT,141.44,0.049504,USDT,1713871613632.0,SHORT,False,False
2024-04-23 11:26:54.677,BTCUSDT,4927187671,319312860991.0,BUY,66043.2,0.002,0.0,USDT,132.0864,0.04623024,USDT,1713871614677.0,LONG,True,False
2024-04-24 09:49:49.401,LTCUSDT,910425403,30555229084.0,SELL,87.52,0.579,1.15221,USDT,50.67408,0.01773592,USDT,1713952189401.0,LONG,False,False
2024-04-24 09:49:49.547,XRPUSDT,1472808308,55322459175.0,BUY,0.5448,91.0,0.18435925,USDT,49.5768,0.01735188,USDT,1713952189547.0,SHORT,True,False
2024-04-24 16:01:03.622,FILUSDT,653375354,27460836020.0,BUY,6.113,8.1,0.0,USDT,49.5153,0.01733035,USDT,1713974463622.0,LONG,True,False
2024-04-24 16:01:04.735,UNIUSDT,427630250,21498284645.0,SELL,7.729,7.0,0.0,USDT,54.103,0.01893605,USDT,1713974464735.0,SHORT,False,False
2024-04-24 16:01:04.859,ATOMUSDT,679743650,19216772434.0,BUY,8.499,5.64,2.53236,USDT,47.93436,0.01677702,USDT,1713974464859.0,SHORT,True,False
2024-04-24 16:01:04.974,ETHUSDT,3934498242,8.38976567509335e+18,SELL,3176.99,0.015,-0.5502,USDT,47.65485,0.01667919,USDT,1713974464974.0,LONG,False,False
2024-04-25 08:41:23.598,DOTUSDT,816303180,23186520428.0,BUY,6.855,7.2,0.0,USDT,49.356,0.0172746,USDT,1714034483598.0,LONG,True,False
2024-04-25 08:41:24.652,XRPUSDT,1473675514,55381371580.0,SELL,0.5252,96.1,0.0,USDT,50.47172,0.0176651,USDT,1714034484652.0,SHORT,False,False
2024-04-25 12:37:53.748,XRPUSDT,1473824579,55392322134.0,BUY,0.5184,260.0,5.87334286,USDT,134.784,0.0471744,USDT,1714048673748.0,SHORT,True,False
2024-04-25 12:37:53.868,BTCUSDT,4934900942,320747350323.0,SELL,63863.1,0.002,-4.3602,USDT,127.7262,0.04470417,USDT,1714048673868.0,LONG,False,False
2024-04-27 16:00:32.774,LINKUSDT,972079284,32269803536.0,BUY,13.929,3.29,4.71786,USDT,45.82641,0.01603924,USDT,1714233632774.0,SHORT,True,False
2024-04-27 16:00:32.885,APTUSDT,449215695,8989771184.0,SELL,8.83,5.0,-5.25,USDT,44.15,0.0154525,USDT,1714233632885.0,LONG,False,False
2024-04-28 12:00:30.043,DOTUSDT,817447073,23218818947.0,SELL,6.807,7.2,-0.3456,USDT,49.0104,0.01715364,USDT,1714305630043.0,LONG,False,False
2024-04-28 12:00:30.162,XRPUSDT,1475464956,55595765674.0,BUY,0.5168,96.1,2.32463788,USDT,49.66448,0.01738256,USDT,1714305630162.0,SHORT,True,False
2024-04-29 20:00:51.295,DOTUSDT,817903328,23233955370.0,BUY,6.566,7.5,0.0,USDT,49.245,0.01723575,USDT,1714420851295.0,LONG,True,False
2024-04-29 20:00:52.354,XRPUSDT,1476244214,55698649018.0,SELL,0.5161,97.8,0.0,USDT,50.47458,0.0176661,USDT,1714420852354.0,SHORT,False,False
2024-04-30 00:00:34.241,NEARUSDT,659810142,22952933044.0,BUY,6.837,7.0,1.246,USDT,47.859,0.01675065,USDT,1714435234241.0,SHORT,True,False
2024-04-30 00:00:34.364,BNBUSDT,1274303025,55570565620.0,SELL,592.67,0.01,-0.1084,USDT,5.9267,0.00207434,USDT,1714435234364.0,LONG,False,False
2024-04-30 00:00:34.364,BNBUSDT,1274303026,55570565620.0,SELL,592.67,0.07,-0.7588,USDT,41.4869,0.01452041,USDT,1714435234364.0,LONG,False,False
2024-04-30 19:02:43.873,FILUSDT,656863045,27530784103.0,SELL,5.57,8.1,-4.3983,USDT,45.117,0.01579095,USDT,1714503763873.0,LONG,False,False
2024-04-30 19:02:43.985,UNIUSDT,429505392,21555205111.0,BUY,7.071,7.0,4.606,USDT,49.497,0.01732395,USDT,1714503763985.0,SHORT,True,False
2024-05-01 00:01:15.640,LINKUSDT,973548208,32311221285.0,BUY,13.133,1.23,0.0,USDT,16.15359,0.00565375,USDT,1714521675640.0,LONG,True,False
2024-05-01 00:01:15.640,LINKUSDT,973548209,32311221285.0,BUY,13.133,2.54,0.0,USDT,33.35782,0.01167523,USDT,1714521675640.0,LONG,True,False
2024-05-01 00:01:16.922,APTUSDT,451037093,9027189258.0,SELL,8.738,5.8,0.0,USDT,50.6804,0.01773814,USDT,1714521676922.0,SHORT,False,False
2024-05-01 02:22:45.838,XRPUSDT,1477209370,55810279026.0,SELL,0.5001,282.8,0.0,USDT,141.42828,0.04949989,USDT,1714530165838.0,SHORT,False,False
2024-05-01 02:22:47.037,BTCUSDT,4955331163,325145797210.0,BUY,59661.0,0.002,0.0,USDT,119.322,0.0417627,USDT,1714530167037.0,LONG,True,False
2024-05-01 03:45:32.557,XRPUSDT,1477237536,55814639407.0,BUY,0.5027,39.7,0.0,USDT,19.95719,0.00698501,USDT,1714535132557.0,LONG,True,False
2024-05-01 03:45:37.708,XRPUSDT,1477237555,55814644854.0,SELL,0.5026,29.4,-0.00293999,USDT,14.77644,0.00517175,USDT,1714535137708.0,LONG,False,False
2024-05-01 03:45:37.708,XRPUSDT,1477237556,55814644854.0,SELL,0.5026,10.3,-0.00103,USDT,5.17678,0.00181187,USDT,1714535137708.0,LONG,False,False
2024-05-01 03:45:50.576,XRPUSDT,1477237577,55814654860.0,BUY,0.5027,39.7,0.0600027,USDT,19.95719,0.00698501,USDT,1714535150576.0,SHORT,True,False
2024-05-01 18:47:50.604,DOTUSDT,819239443,23263083515.0,SELL,6.834,7.5,2.01,USDT,51.255,0.01793925,USDT,1714589270604.0,LONG,False,False
2024-05-01 18:47:50.716,XRPUSDT,1477909058,55875390286.0,BUY,0.5147,97.8,-1.02578478,USDT,50.33766,0.01761818,USDT,1714589270716.0,SHORT,True,False
2024-05-02 00:00:44.237,NEARUSDT,662215061,23019063920.0,BUY,6.12,8.0,0.0,USDT,48.96,0.01713599,USDT,1714608044237.0,LONG,True,False
2024-05-02 00:00:45.163,BNBUSDT,1277868994,55642090875.0,SELL,561.03,0.09,0.0,USDT,50.4927,0.01767244,USDT,1714608045163.0,SHORT,False,False
2024-05-02 16:00:39.152,DOTUSDT,819890598,23276689797.0,SELL,6.993,0.8,0.0,USDT,5.5944,0.00195804,USDT,1714665639152.0,SHORT,False,False
2024-05-02 16:00:39.152,DOTUSDT,819890599,23276689797.0,SELL,6.993,1.8,0.0,USDT,12.5874,0.00440559,USDT,1714665639152.0,SHORT,False,False
2024-05-02 16:00:39.152,DOTUSDT,819890600,23276689797.0,SELL,6.993,4.6,0.0,USDT,32.1678,0.01125873,USDT,1714665639152.0,SHORT,False,False
2024-05-02 16:00:40.194,XRPUSDT,1478602124,55950193686.0,BUY,0.5198,95.2,0.0,USDT,49.48496,0.01731973,USDT,1714665640194.0,LONG,True,False
2024-05-02 19:01:16.002,LINKUSDT,974538147,32336820532.0,SELL,13.646,2.67,1.36971,USDT,36.43482,0.01275218,USDT,1714676476002.0,LONG,False,False
2024-05-02 19:01:16.002,LINKUSDT,974538148,32336820532.0,SELL,13.646,1.1,0.5643,USDT,15.0106,0.00525371,USDT,1714676476002.0,LONG,False,False
2024-05-02 19:01:16.119,APTUSDT,452364988,9052151168.0,BUY,8.822,5.8,-0.4872,USDT,51.1676,0.01790866,USDT,1714676476119.0,SHORT,True,False
2024-05-03 08:00:50.000,FILUSDT,658451807,27563410647.0,SELL,5.866,8.6,0.0,USDT,50.4476,0.01765666,USDT,1714723250000.0,SHORT,False,False
2024-05-03 08:00:51.235,UNIUSDT,430268837,21581493019.0,BUY,6.994,7.0,0.0,USDT,48.958,0.0171353,USDT,1714723251235.0,LONG,True,False
2024-05-03 20:00:35.110,NEARUSDT,663804995,23074724847.0,SELL,6.857,8.0,5.896,USDT,54.856,0.0191996,USDT,1714766435110.0,LONG,False,False
2024-05-03 20:00:35.222,BNBUSDT,1279617956,55685357774.0,BUY,580.78,0.09,-1.7775,USDT,52.2702,0.01829457,USDT,1714766435222.0,SHORT,True,False
2024-05-04 04:00:38.978,FILUSDT,658808343,27572256126.0,BUY,6.046,8.6,-1.548,USDT,51.9956,0.01819846,USDT,1714795238978.0,SHORT,True,False
2024-05-04 04:00:39.093,UNIUSDT,430487586,21588058416.0,SELL,7.57,7.0,4.032,USDT,52.99,0.0185465,USDT,1714795239093.0,LONG,False,False
2024-05-04 04:00:39.213,XRPUSDT,1479364172,56049122933.0,BUY,0.5296,243.1,-6.17196791,USDT,128.74576,0.04506101,USDT,1714795239213.0,SHORT,True,False
2024-05-04 04:00:39.325,BTCUSDT,4971579580,327639949550.0,SELL,62698.2,0.002,6.0744,USDT,125.3964,0.04388874,USDT,1714795239325.0,LONG,False,False
2024-05-05 00:42:32.604,DOTUSDT,820874400,23297520288.0,BUY,7.079,7.2,-0.6192,USDT,50.9688,0.01783908,USDT,1714869752604.0,SHORT,True,False
2024-05-05 00:42:32.728,XRPUSDT,1479705811,56099815741.0,SELL,0.5273,95.2,0.714,USDT,50.19896,0.01756963,USDT,1714869752728.0,LONG,False,False
2024-05-05 12:08:35.397,LINKUSDT,975390774,32359556155.0,SELL,14.284,3.54,0.0,USDT,50.56536,0.01769787,USDT,1714910915397.0,SHORT,False,False
2024-05-05 12:08:36.447,APTUSDT,453259478,9073345629.0,BUY,9.062,5.5,0.0,USDT,49.841,0.01744435,USDT,1714910916447.0,LONG,True,False
2024-05-06 00:01:12.879,LINKUSDT,975521928,32362938496.0,BUY,14.357,1.47,-0.10731,USDT,21.10479,0.00738667,USDT,1714953672879.0,SHORT,True,False
2024-05-06 00:01:12.879,LINKUSDT,975521929,32362938496.0,BUY,14.358,1.41,-0.10434,USDT,20.24478,0.00708567,USDT,1714953672879.0,SHORT,True,False
2024-05-06 00:01:12.879,LINKUSDT,975521930,32362938496.0,BUY,14.358,0.66,-0.04884,USDT,9.47628,0.00331669,USDT,1714953672879.0,SHORT,True,False
2024-05-06 00:01:12.989,APTUSDT,453392329,9076391296.0,SELL,9.241,5.5,0.9845,USDT,50.8255,0.01778892,USDT,1714953672989.0,LONG,False,False
2024-05-06 09:27:59.872,DOTUSDT,821315632,23306748137.0,SELL,7.414,6.8,0.0,USDT,50.4152,0.01764532,USDT,1714987679872.0,SHORT,False,False
2024-05-06 09:28:01.088,XRPUSDT,1480237031,56179108071.0,BUY,0.5415,91.4,0.0,USDT,49.4931,0.01732258,USDT,1714987681088.0,LONG,True,False
2024-05-06 12:00:35.688,LINKUSDT,975738782,32368175919.0,SELL,15.039,3.36,0.0,USDT,50.53104,0.01768586,USDT,1714996835688.0,SHORT,False,False
2024-05-06 12:00:36.891,APTUSDT,453605315,9080854355.0,BUY,9.315,3.4,0.0,USDT,31.671,0.01108485,USDT,1714996836891.0,LONG,True,False
2024-05-06 12:00:36.891,APTUSDT,453605316,9080854355.0,BUY,9.315,1.9,0.0,USDT,17.6985,0.00619447,USDT,1714996836891.0,LONG,True,False
2024-05-06 16:00:47.297,DOTUSDT,821470560,23310093803.0,BUY,7.165,6.8,1.6932,USDT,48.722,0.0170527,USDT,1715011247297.0,SHORT,True,False
2024-05-06 16:00:47.409,XRPUSDT,1480543489,56200888762.0,SELL,0.5567,91.4,1.38928,USDT,50.88238,0.01780883,USDT,1715011247409.0,LONG,False,False
2024-05-06 16:00:48.655,NEARUSDT,666054022,23145028907.0,SELL,7.27,7.0,0.0,USDT,50.89,0.0178115,USDT,1715011248655.0,SHORT,False,False
2024-05-06 16:00:49.824,BNBUSDT,1281565919,55735520551.0,BUY,588.27,0.08,0.0,USDT,47.0616,0.01647156,USDT,1715011249824.0,LONG,True,False
2024-05-09 12:00:44.208,NEARUSDT,668761121,23224320773.0,BUY,7.173,7.0,0.679,USDT,50.211,0.01757384,USDT,1715256044208.0,SHORT,True,False
2024-05-09 12:00:44.337,BNBUSDT,1284241111,55797173244.0,SELL,595.02,0.08,0.54,USDT,47.6016,0.01666056,USDT,1715256044337.0,LONG,False,False
2024-05-10 12:01:01.451,XRPUSDT,1482975914,56388598561.0,BUY,0.5162,268.6,0.0,USDT,138.65132,0.04852796,USDT,1715342461451.0,LONG,True,False
2024-05-10 12:01:02.498,BTCUSDT,4992755469,332032863138.0,SELL,63318.8,0.002,0.0,USDT,126.6376,0.04432316,USDT,1715342462498.0,SHORT,False,False
2024-05-11 00:00:34.782,LINKUSDT,977619245,32413035543.0,BUY,13.549,3.36,5.0064,USDT,45.52464,0.01593362,USDT,1715385634782.0,SHORT,True,False
2024-05-11 00:00:34.892,APTUSDT,455177582,9116708728.0,SELL,8.431,1.1,-0.9724,USDT,9.2741,0.00324593,USDT,1715385634892.0,LONG,False,False
2024-05-11 00:00:34.892,APTUSDT,455177583,9116708728.0,SELL,8.431,4.2,-3.7128,USDT,35.4102,0.01239357,USDT,1715385634892.0,LONG,False,False
2024-05-12 04:00:32.121,XRPUSDT,1483711311,56437441939.0,SELL,0.5071,268.6,-2.44426,USDT,136.20706,0.04767247,USDT,1715486432121.0,LONG,False,False
2024-05-12 04:00:32.243,BTCUSDT,4997706064,333115243620.0,BUY,60896.8,0.002,4.844,USDT,121.7936,0.04262776,USDT,1715486432243.0,SHORT,True,False
2024-05-12 04:00:33.388,DOTUSDT,823334209,23356545268.0,BUY,6.692,7.4,0.0,USDT,49.5208,0.01733227,USDT,1715486433388.0,LONG,True,False
2024-05-12 04:00:34.440,XRPUSDT,1483711323,56437442627.0,SELL,0.5071,99.6,0.0,USDT,50.50716,0.0176775,USDT,1715486434440.0,SHORT,False,False
2024-05-12 20:00:49.962,XRPUSDT,1483901143,56453820903.0,BUY,0.5011,276.6,0.0,USDT,138.60426,0.04851149,USDT,1715544049962.0,LONG,True,False
2024-05-12 20:00:51.048,BTCUSDT,4998906385,333506486648.0,SELL,61403.2,0.002,0.0,USDT,122.8064,0.04298224,USDT,1715544051048.0,SHORT,False,False
2024-05-13 04:00:32.123,LINKUSDT,978201302,32427033933.0,SELL,13.327,3.79,0.0,USDT,50.50933,0.01767826,USDT,1715572832123.0,SHORT,False,False
2024-05-13 04:00:33.548,APTUSDT,455639891,9128666904.0,BUY,8.036,3.8,0.0,USDT,30.5368,0.01068788,USDT,1715572833548.0,LONG,True,False
2024-05-13 04:00:33.548,APTUSDT,455639892,9128666904.0,BUY,8.036,2.4,0.0,USDT,19.2864,0.00675024,USDT,1715572833548.0,LONG,True,False
2024-05-13 06:40:15.202,DOTUSDT,823613694,23363705962.0,SELL,6.551,7.4,-1.0434,USDT,48.4774,0.01696709,USDT,1715582415202.0,LONG,False,False
2024-05-13 06:40:15.331,XRPUSDT,1484170064,56466666100.0,BUY,0.4939,99.6,1.31472,USDT,49.19244,0.01721735,USDT,1715582415331.0,SHORT,True,False
2024-05-13 16:00:30.038,LINKUSDT,978447599,32432856707.0,BUY,13.498,1.5,-0.2565,USDT,20.247,0.00708645,USDT,1715616030038.0,SHORT,True,False
2024-05-13 16:00:30.038,LINKUSDT,978447600,32432856707.0,BUY,13.498,2.29,-0.39159,USDT,30.91042,0.01081864,USDT,1715616030038.0,SHORT,True,False
2024-05-13 16:00:30.149,APTUSDT,455884288,9133784747.0,SELL,8.463,6.2,2.6474,USDT,52.4706,0.01836471,USDT,1715616030149.0,LONG,False,False
2024-05-14 04:00:51.384,LINKUSDT,978619831,32437691131.0,SELL,13.425,3.76,0.0,USDT,50.478,0.0176673,USDT,1715659251384.0,SHORT,False,False
2024-05-14 04:00:52.146,APTUSDT,456063950,9138005692.0,BUY,8.108,6.1,0.0,USDT,49.4588,0.01731058,USDT,1715659252146.0,LONG,True,False
2024-05-14 08:01:00.966,DOTUSDT,823955911,23372805412.0,BUY,6.609,7.5,0.0,USDT,49.5675,0.01734862,USDT,1715673660966.0,LONG,True,False
2024-05-14 08:01:01.999,XRPUSDT,1484759779,56525036619.0,SELL,0.5052,100.0,0.0,USDT,50.52,0.017682,USDT,1715673661999.0,SHORT,False,False
2024-05-15 16:00:48.143,FILUSDT,663414983,27678041822.0,BUY,5.627,8.8,0.0,USDT,49.5176,0.01733116,USDT,1715788848143.0,LONG,True,False
2024-05-15 16:00:49.264,UNIUSDT,432618746,21664058630.0,SELL,7.267,1.0,0.0,USDT,7.267,0.00254345,USDT,1715788849264.0,SHORT,False,False
2024-05-15 16:00:49.264,UNIUSDT,432618747,21664058630.0,SELL,7.267,6.0,0.0,USDT,43.602,0.0152607,USDT,1715788849264.0,SHORT,False,False
2024-05-15 20:00:41.251,DOTUSDT,824558582,23387202386.0,SELL,7.015,4.5,1.827,USDT,31.5675,0.01104862,USDT,1715803241251.0,LONG,False,False
2024-05-15 20:00:41.251,DOTUSDT,824558583,23387202386.0,SELL,7.015,3.0,1.218,USDT,21.045,0.00736575,USDT,1715803241251.0,LONG,False,False
2024-05-15 20:00:41.360,XRPUSDT,1485586719,56618298800.0,BUY,0.5187,100.0,-1.35,USDT,51.87,0.0181545,USDT,1715803241360.0,SHORT,True,False
2024-05-15 20:06:50.897,LINKUSDT,979378861,32455871590.0,BUY,13.817,3.76,-1.47392,USDT,51.95192,0.01818317,USDT,1715803610897.0,SHORT,True,False
2024-05-15 20:06:51.008,APTUSDT,456694541,9152714819.0,SELL,8.533,5.4,2.295,USDT,46.0782,0.01612736,USDT,1715803611008.0,LONG,False,False
2024-05-15 20:06:51.008,APTUSDT,456694542,9152714819.0,SELL,8.533,0.7,0.2975,USDT,5.9731,0.00209058,USDT,1715803611008.0,LONG,False,False
2024-05-16 08:00:47.726,NEARUSDT,674613159,23415356780.0,SELL,8.121,6.0,0.0,USDT,48.726,0.0170541,USDT,1715846447726.0,SHORT,False,False
2024-05-16 08:00:48.507,BNBUSDT,1289842874,55920921649.0,BUY,584.19,0.08,0.0,USDT,46.7352,0.01635732,USDT,1715846448507.0,LONG,True,False
2024-05-16 16:00:54.821,FILUSDT,663841550,27688822287.0,SELL,5.702,8.8,0.66,USDT,50.1776,0.01756216,USDT,1715875254821.0,LONG,False,False
2024-05-16 16:00:54.945,UNIUSDT,432809409,21671265162.0,BUY,7.186,7.0,0.567,USDT,50.302,0.01760569,USDT,1715875254945.0,SHORT,True,False
2024-05-16 18:43:50.168,LINKUSDT,979744192,32465223590.0,SELL,14.118,3.57,0.0,USDT,50.40126,0.01764044,USDT,1715885030168.0,SHORT,False,False
2024-05-16 18:43:51.388,APTUSDT,456977511,9159908959.0,BUY,8.339,5.9,0.0,USDT,49.2001,0.01722003,USDT,1715885031388.0,LONG,True,False
2024-05-17 08:59:57.804,DOTUSDT,825086295,23401078206.0,SELL,7.254,7.0,0.0,USDT,50.778,0.0177723,USDT,1715936397804.0,SHORT,False,False
2024-05-17 08:59:58.888,XRPUSDT,1486268478,56712242106.0,BUY,0.5197,95.3,0.0,USDT,49.52741,0.01733459,USDT,1715936398888.0,LONG,True,False
2024-05-18 11:06:53.347,FILUSDT,664373057,27705062664.0,BUY,5.949,8.3,0.0,USDT,49.3767,0.01728184,USDT,1716030413347.0,LONG,True,False
2024-05-18 11:06:54.420,UNIUSDT,433105305,21681476576.0,SELL,7.723,7.0,0.0,USDT,54.061,0.01892135,USDT,1716030414420.0,SHORT,False,False
2024-05-20 14:53:46.183,DOTUSDT,825877095,23424043950.0,BUY,6.975,0.8,0.2232,USDT,5.58,0.001953,USDT,1716216826183.0,SHORT,True,False
2024-05-20 14:53:46.183,DOTUSDT,825877096,23424043950.0,BUY,6.975,6.2,1.7298,USDT,43.245,0.01513575,USDT,1716216826183.0,SHORT,True,False
2024-05-20 14:53:46.304,XRPUSDT,1487410455,56911819021.0,SELL,0.5152,95.3,0.88950339,USDT,49.09856,0.01718449,USDT,1716216826304.0,LONG,False,False
2024-05-20 22:24:19.014,DOTUSDT,826096200,23428516999.0,SELL,7.565,6.7,0.0,USDT,50.6855,0.01773992,USDT,1716243859014.0,SHORT,False,False
2024-05-20 22:24:20.184,XRPUSDT,1487731443,56939033916.0,BUY,0.533,92.9,0.0,USDT,49.5157,0.01733049,USDT,1716243860184.0,LONG,True,False
2024-05-21 04:00:44.152,LINKUSDT,985888162,32558434803.0,BUY,16.941,3.57,-10.07811,USDT,60.47937,0.02116777,USDT,1716264044152.0,SHORT,True,False
2024-05-21 04:00:44.277,APTUSDT,458282063,9193052514.0,SELL,9.028,5.9,4.0651,USDT,53.2652,0.01864282,USDT,1716264044277.0,LONG,False,False
2024-05-21 07:10:59.708,NEARUSDT,678525125,23599186494.0,BUY,8.101,3.0,0.06,USDT,24.303,0.00850604,USDT,1716275459708.0,SHORT,True,False
2024-05-21 07:10:59.708,NEARUSDT,678525126,23599186494.0,BUY,8.101,1.0,0.02,USDT,8.101,0.00283535,USDT,1716275459708.0,SHORT,True,False
2024-05-21 07:10:59.708,NEARUSDT,678525127,23599186494.0,BUY,8.101,2.0,0.04,USDT,16.202,0.0056707,USDT,1716275459708.0,SHORT,True,False
2024-05-21 07:10:59.837,BNBUSDT,1293351678,56008687427.0,SELL,618.71,0.08,2.7616,USDT,49.4968,0.01732388,USDT,1716275459837.0,LONG,False,False
2024-05-23 21:47:48.159,XRPUSDT,1490207199,57155618168.0,SELL,0.5272,276.6,4.01394629,,145.82352,0.05103823,USDT,1716500868159.0,LONG,False,False
2024-05-23 21:47:48.282,BTCUSDT,5037842353,341159775134.0,BUY,67901.7,0.002,-12.997,,135.8034,0.04753119,USDT,1716500868282.0,SHORT,True,False
2024-05-24 00:00:21.405,DOTUSDT,827456860,23462351667.0,BUY,7.201,6.7,2.4388,,48.2467,0.01688634,USDT,1716508821405.0,SHORT,True,False
2024-05-24 00:00:21.527,XRPUSDT,1490274121,57161695466.0,SELL,0.5289,92.9,1.50607031,,49.13481,0.01719718,USDT,1716508821527.0,LONG,False,False
2024-05-24 07:15:38.763,UNIUSDT,436275788,21745743728.0,SELL,9.058,16.0,0.0,,144.928,0.0507248,USDT,1716534938763.0,SHORT,False,False
2024-05-24 07:15:39.932,DOTUSDT,827580579,23465652408.0,BUY,7.06,19.6,0.0,,138.376,0.0484316,USDT,1716534939932.0,LONG,True,False
2024-05-24 07:15:40.992,XRPUSDT,1490480004,57180283761.0,BUY,0.5196,95.3,0.0,,49.51788,0.01733125,USDT,1716534940992.0,LONG,True,False
2024-05-24 07:15:42.151,UNIUSDT,436275811,21745744432.0,SELL,9.064,3.0,0.0,,27.192,0.0095172,USDT,1716534942151.0,SHORT,False,False
2024-05-24 07:15:42.151,UNIUSDT,436275812,21745744432.0,SELL,9.064,3.0,0.0,,27.192,0.0095172,USDT,1716534942151.0,SHORT,False,False
2024-05-24 07:15:43.362,ATOMUSDT,689829510,19430822051.0,BUY,8.248,6.0,0.0,,49.488,0.0173208,USDT,1716534943362.0,LONG,True,False
2024-05-24 07:15:44.505,UNIUSDT,436275823,21745744852.0,SELL,9.065,6.0,0.0,,54.39,0.0190365,USDT,1716534944505.0,SHORT,False,False
2024-05-24 08:33:16.869,DOTUSDT,827605504,23466287308.0,SELL,7.069,12.7,0.1143,,89.7763,0.0314217,USDT,1716539596869.0,LONG,False,False
2024-05-24 08:33:31.738,UNIUSDT,436300059,21746378075.0,BUY,8.973,10.0,-1.79771428,,89.73,0.0314055,USDT,1716539611738.0,SHORT,True,False
2024-05-24 08:35:38.574,UNIUSDT,436300957,21746395313.0,BUY,8.962,2.0,-0.33754285,,17.924,0.0062734,USDT,1716539738574.0,SHORT,True,False
2024-05-24 16:30:17.717,ATOMUSDT,689935530,19433871060.0,BUY,8.337,5.94,0.0,,49.52178,0.01733262,USDT,1716568217717.0,LONG,True,False
2024-05-24 16:30:18.769,FILUSDT,667722257,27792129737.0,SELL,5.725,8.8,0.0,,50.38,0.017633,USDT,1716568218769.0,SHORT,False,False
2024-05-24 16:30:19.866,UNIUSDT,436502845,21750810615.0,SELL,9.058,1.0,0.0,,9.058,0.0031703,USDT,1716568219866.0,SHORT,False,False
2024-05-24 16:30:19.866,UNIUSDT,436502846,21750810615.0,SELL,9.057,5.0,0.0,,45.285,0.01584975,USDT,1716568219866.0,SHORT,False,False
2024-05-24 16:30:20.937,ADAUSDT,1128359497,41773453619.0,BUY,0.4565,108.0,0.0,,49.302,0.01725569,USDT,1716568220937.0,LONG,True,False
2024-05-24 16:32:26.494,LINKUSDT,989188927,32622242982.0,BUY,17.103,1.35,0.0,,23.08905,0.00808116,USDT,1716568346494.0,LONG,True,False
2024-05-24 16:32:26.494,LINKUSDT,989188928,32622242982.0,BUY,17.103,1.55,0.0,,26.50965,0.00927837,USDT,1716568346494.0,LONG,True,False
2024-05-24 16:32:27.705,UNIUSDT,436503750,21750829446.0,SELL,9.102,6.0,0.0,,54.612,0.0191142,USDT,1716568347705.0,SHORT,False,False
2024-05-25 08:01:16.490,ATOMUSDT,690044923,19437073340.0,SELL,8.479,5.94,1.10913829,,50.36526,0.01762784,USDT,1716624076490.0,LONG,False,False
2024-05-25 08:01:16.602,FILUSDT,667924353,27800719677.0,BUY,5.86,8.8,-1.188,,51.568,0.0180488,USDT,1716624076602.0,SHORT,True,False
2024-05-29 12:01:09.650,LINKUSDT,992596818,32697786871.0,SELL,18.722,2.9,4.6951,,54.2938,0.01900282,USDT,1716984069650.0,LONG,False,False
2024-05-29 12:01:09.760,UNIUSDT,441331944,21829262228.0,BUY,10.791,6.0,-11.39755591,,64.746,0.0226611,USDT,1716984069760.0,SHORT,True,False
2024-05-30 19:50:55.182,ATOMUSDT,691534996,19473833051.0,SELL,8.619,5.86,0.0,,50.50734,0.01767756,USDT,1717098655182.0,SHORT,False,False
2024-05-30 19:50:56.219,FILUSDT,670434217,27893426845.0,BUY,5.839,2.1,0.0,,12.2619,0.00429166,USDT,1717098656219.0,LONG,True,False
2024-05-30 19:50:56.219,FILUSDT,670434218,27893426845.0,BUY,5.839,3.5,0.0,,20.4365,0.00715277,USDT,1717098656219.0,LONG,True,False
2024-05-30 19:50:56.219,FILUSDT,670434219,27893426845.0,BUY,5.839,2.1,0.0,,12.2619,0.00429166,USDT,1717098656219.0,LONG,True,False
2024-05-30 19:50:56.219,FILUSDT,670434220,27893426845.0,BUY,5.839,0.8,0.0,,4.6712,0.00163492,USDT,1717098656219.0,LONG,True,False
2024-05-30 20:00:41.159,UNIUSDT,442025254,21843549092.0,BUY,10.834,6.0,-11.65555591,,65.004,0.0227514,USDT,1717099241159.0,SHORT,True,False
2024-05-30 20:00:41.269,ADAUSDT,1130604693,41877009037.0,SELL,0.4517,108.0,-0.5184,,48.7836,0.01707426,USDT,1717099241269.0,LONG,False,False
2024-05-31 00:01:21.098,XRPUSDT,1493790977,57585188214.0,SELL,0.5186,95.3,-0.09529999,,49.42258,0.0172979,USDT,1717113681098.0,LONG,False,False
2024-05-31 00:01:21.207,UNIUSDT,442078674,21844675144.0,BUY,10.774,6.0,-11.29555591,,64.644,0.0226254,USDT,1717113681207.0,SHORT,True,False
2024-05-31 22:29:53.644,ATOMUSDT,691809021,19480055731.0,SELL,8.351,6.0,0.3523417,,50.106,0.0175371,USDT,1717194593644.0,LONG,False,False
2024-05-31 22:29:53.754,UNIUSDT,442602704,21854333839.0,BUY,10.088,6.0,-7.17955591,,60.528,0.0211848,USDT,1717194593754.0,SHORT,True,False
2024-06-01 00:15:09.744,FILUSDT,670865867,27913670208.0,SELL,5.742,8.3,-1.25616547,,47.6586,0.01668051,USDT,1717200909744.0,LONG,False,False
2024-06-01 00:15:09.856,UNIUSDT,442653858,21855146084.0,BUY,9.91,7.0,-7.13014857,,69.37,0.0242795,USDT,1717200909856.0,SHORT,True,False
2024-06-01 04:00:52.986,ATOMUSDT,691843035,19480904937.0,BUY,8.307,5.86,1.82832,,48.67902,0.01703765,USDT,1717214452986.0,SHORT,True,False
2024-06-01 04:00:53.109,FILUSDT,670898349,27915399907.0,SELL,5.759,8.5,-1.14193452,,48.9515,0.01713302,USDT,1717214453109.0,LONG,False,False
2024-06-01 08:00:53.801,UNIUSDT,442764039,21857275738.0,BUY,10.01,4.0,-4.47437061,,40.04,0.014014,USDT,1717228853801.0,SHORT,True,False
2024-06-01 08:00:53.910,DOTUSDT,830336283,23536592471.0,SELL,7.016,6.9,-0.3036,,48.4104,0.01694364,USDT,1717228853910.0,LONG,False,False
2024-06-03 00:00:45.325,LINKUSDT,995209859,32759398996.0,SELL,18.143,1.11,0.0,,20.13873,0.00704855,USDT,1717372845325.0,SHORT,False,False
2024-06-03 00:00:45.325,LINKUSDT,995209860,32759398996.0,SELL,18.143,1.11,0.0,,20.13873,0.00704855,USDT,1717372845325.0,SHORT,False,False
2024-06-03 00:00:45.325,LINKUSDT,995209861,32759398996.0,SELL,18.143,0.56,0.0,,10.16008,0.00355602,USDT,1717372845325.0,SHORT,False,False
2024-06-03 00:00:46.433,UNIUSDT,443208168,21868374225.0,BUY,9.421,5.0,0.0,,47.105,0.01648675,USDT,1717372846433.0,LONG,True,False
2024-06-03 12:00:52.425,UNIUSDT,443385835,21873196508.0,BUY,9.662,5.0,0.0,,48.31,0.0169085,USDT,1717416052425.0,LONG,True,False
2024-06-03 12:00:53.652,ADAUSDT,1131560867,41932007531.0,SELL,0.4541,111.0,0.0,,50.4051,0.01764178,USDT,1717416053652.0,SHORT,False,False
2024-06-03 20:00:59.693,UNIUSDT,443491809,21876392633.0,BUY,9.608,5.0,0.0,,48.04,0.016814,USDT,1717444859693.0,LONG,True,False
2024-06-03 20:01:00.783,DOTUSDT,830972753,23554063295.0,SELL,7.112,7.1,0.0,,50.4952,0.01767332,USDT,1717444860783.0,SHORT,False,False
2024-06-04 08:01:14.086,XRPUSDT,1495475568,57829902127.0,SELL,0.5206,97.0,0.0,,50.4982,0.01767436,USDT,1717488074086.0,SHORT,False,False
2024-06-04 08:01:15.333,UNIUSDT,443584759,21879263236.0,BUY,9.522,5.0,0.0,,47.61,0.0166635,USDT,1717488075333.0,LONG,True,False
2024-06-04 20:00:41.094,LINKUSDT,996201691,32784526766.0,BUY,17.664,2.78,1.33162,,49.10592,0.01718707,USDT,1717531241094.0,SHORT,True,False
2024-06-04 20:00:41.216,UNIUSDT,444647915,21891269696.0,SELL,11.526,5.0,9.86375,,57.63,0.0201705,USDT,1717531241216.0,LONG,False,False
2024-06-05 00:01:07.761,UNIUSDT,445169904,21897226189.0,SELL,11.461,5.0,9.53875,,57.305,0.02005675,USDT,1717545667761.0,LONG,False,False
2024-06-05 00:01:07.883,DOTUSDT,831318737,23563161002.0,BUY,7.2,0.4,-0.0352,,2.88,0.001008,USDT,1717545667883.0,SHORT,True,False
2024-06-05 00:01:07.883,DOTUSDT,831318738,23563161002.0,BUY,7.2,6.7,-0.5896,,48.24,0.016884,USDT,1717545667883.0,SHORT,True,False
2024-06-05 00:01:08.011,XRPUSDT,1495854630,57868448456.0,BUY,0.5263,97.0,-0.5529,,51.0511,0.01786788,USDT,1717545668011.0,SHORT,True,False
2024-06-05 00:01:08.130,UNIUSDT,445169962,21897226564.0,SELL,11.462,5.0,9.54375,,57.31,0.0200585,USDT,1717545668130.0,LONG,False,False
2024-06-05 04:00:51.644,UNIUSDT,445394629,21900780645.0,SELL,11.36,5.0,9.03375,,56.8,0.01987999,USDT,1717560051644.0,LONG,False,False
2024-06-05 04:00:51.753,ADAUSDT,1132244957,41962743749.0,BUY,0.4631,111.0,-0.999,,51.4041,0.01799143,USDT,1717560051753.0,SHORT,True,False
2024-06-05 20:00:57.163,ATOMUSDT,692748165,19504926541.0,BUY,8.731,5.67,0.0,,49.50477,0.01732666,USDT,1717617657163.0,LONG,True,False
2024-06-05 20:00:58.273,UNIUSDT,446076229,21912286757.0,SELL,11.11,2.0,0.0,,22.22,0.007777,USDT,1717617658273.0,SHORT,False,False
2024-06-05 20:00:58.273,UNIUSDT,446076230,21912286757.0,SELL,11.11,2.0,0.0,,22.22,0.007777,USDT,1717617658273.0,SHORT,False,False
2024-06-05 20:00:58.273,UNIUSDT,446076231,21912286757.0,SELL,11.11,1.0,0.0,,11.11,0.0038885,USDT,1717617658273.0,SHORT,False,False
2024-06-06 04:00:42.500,ATOMUSDT,692799109,19506518916.0,SELL,8.636,0.61,-0.05795,,5.26796,0.00184378,USDT,1717646442500.0,LONG,False,False
2024-06-06 04:00:42.500,ATOMUSDT,692799110,19506518916.0,SELL,8.636,5.06,-0.4807,,43.69816,0.01529435,USDT,1717646442500.0,LONG,False,False
2024-06-06 04:00:42.623,UNIUSDT,446251917,21915513225.0,BUY,10.833,5.0,1.385,,54.165,0.01895775,USDT,1717646442623.0,SHORT,True,False
2024-06-06 16:01:04.572,UNIUSDT,446520176,21920761555.0,SELL,10.742,5.0,0.0,,53.71,0.0187985,USDT,1717689664572.0,SHORT,False,False
2024-06-06 16:01:05.721,DOTUSDT,831742796,23575477624.0,BUY,7.261,6.8,0.0,,49.3748,0.01728118,USDT,1717689665721.0,LONG,True,False
2024-06-07 00:01:05.934,UNIUSDT,446636873,21923515791.0,BUY,10.637,3.0,0.315,,31.911,0.01116885,USDT,1717718465934.0,SHORT,True,False
2024-06-07 00:01:05.934,UNIUSDT,446636874,21923515791.0,BUY,10.637,2.0,0.21,,21.274,0.0074459,USDT,1717718465934.0,SHORT,True,False
2024-06-07 00:01:06.056,DOTUSDT,831845776,23578530011.0,SELL,7.153,6.8,-0.7344,,48.6404,0.01702414,USDT,1717718466056.0,LONG,False,False
2024-06-07 20:05:56.791,FILUSDT,674234595,28004868893.0,SELL,6.058,8.3,0.0,,50.2814,0.01759849,USDT,1717790756791.0,SHORT,False,False
2024-06-07 20:05:57.908,UNIUSDT,447194425,21932462185.0,BUY,9.756,5.0,0.0,,48.78,0.017073,USDT,1717790757908.0,LONG,True,False
2024-06-08 00:01:04.749,ATOMUSDT,693467227,19518599240.0,BUY,8.057,6.14,0.0,,49.46998,0.01731449,USDT,1717804864749.0,LONG,True,False
2024-06-08 00:01:05.878,FILUSDT,674424115,28009156228.0,SELL,6.091,8.3,0.0,,50.5553,0.01769435,USDT,1717804865878.0,SHORT,False,False
2024-06-10 16:00:44.499,FILUSDT,676745779,28064702222.0,BUY,5.945,8.3,1.07485,,49.3435,0.01973739,USDT,1718035244499.0,SHORT,True,False
2024-06-10 16:00:44.613,UNIUSDT,448302145,21955321198.0,SELL,10.674,2.0,1.836,,21.348,0.0085392,USDT,1718035244613.0,LONG,False,False
2024-06-10 16:00:44.613,UNIUSDT,448302146,21955321198.0,SELL,10.673,3.0,2.751,,32.019,0.0128076,USDT,1718035244613.0,LONG,False,False
2024-06-12 00:01:01.645,ATOMUSDT,694583851,19541190165.0,SELL,7.509,6.14,-3.36472,,46.10526,0.0184421,USDT,1718150461645.0,LONG,False,False
2024-06-12 00:01:01.770,FILUSDT,677731051,28095228603.0,BUY,5.38,8.3,5.76435,,44.654,0.01786159,USDT,1718150461770.0,SHORT,True,False
2024-06-13 12:00:42.778,ATOMUSDT,694980356,19550889557.0,BUY,7.581,6.53,0.0,,49.50393,0.01980157,USDT,1718280042778.0,LONG,True,False
2024-06-13 12:00:44.010,UNIUSDT,450386649,21993351593.0,SELL,9.927,1.0,0.0,,9.927,0.0039708,USDT,1718280044010.0,SHORT,False,False
2024-06-13 12:00:44.010,UNIUSDT,450386650,21993351593.0,SELL,9.926,1.0,0.0,,9.926,0.0039704,USDT,1718280044010.0,SHORT,False,False
2024-06-13 12:00:44.010,UNIUSDT,450386651,21993351593.0,SELL,9.925,3.0,0.0,,29.775,0.01191,USDT,1718280044010.0,SHORT,False,False
2024-06-13 20:01:14.038,FILUSDT,678953880,28131535898.0,BUY,5.42,2.2,0.0,,11.924,0.00476959,USDT,1718308874038.0,LONG,True,False
2024-06-13 20:01:14.038,FILUSDT,678953881,28131535898.0,BUY,5.42,1.0,0.0,,5.42,0.00216799,USDT,1718308874038.0,LONG,True,False
2024-06-13 20:01:14.038,FILUSDT,678953882,28131535898.0,BUY,5.42,5.9,0.0,,31.978,0.0127912,USDT,1718308874038.0,LONG,True,False
2024-06-13 20:01:15.091,UNIUSDT,450625362,21998347832.0,SELL,10.098,5.0,0.0,,50.49,0.02019599,USDT,1718308875091.0,SHORT,False,False
2024-06-14 08:01:19.217,LINKUSDT,1000797584,32901248506.0,BUY,15.341,3.23,0.0,,49.55143,0.01982057,USDT,1718352079217.0,LONG,True,False
2024-06-14 08:01:20.328,UNIUSDT,451120445,22005937952.0,SELL,10.655,5.0,0.0,,53.275,0.02131,USDT,1718352080328.0,SHORT,False,False
2024-06-14 20:00:44.729,UNIUSDT,451796212,22016229133.0,SELL,10.321,5.0,0.0,,51.605,0.020642,USDT,1718395244729.0,SHORT,False,False
2024-06-14 20:00:45.844,DOTUSDT,835099403,23649375979.0,BUY,6.103,8.1,0.0,,49.4343,0.01977372,USDT,1718395245844.0,LONG,True,False
2024-06-14 20:00:46.921,UNIUSDT,451796225,22016229499.0,SELL,10.322,5.0,0.0,,51.61,0.020644,USDT,1718395246921.0,SHORT,False,False
2024-06-14 20:00:47.928,ADAUSDT,1136733565,42131976617.0,BUY,0.4046,122.0,0.0,,49.3612,0.01974447,USDT,1718395247928.0,LONG,True,False
2024-06-15 00:00:45.361,XRPUSDT,1501192543,58447579080.0,BUY,0.4746,104.3,0.0,,49.50078,0.01980031,USDT,1718409645361.0,LONG,True,False
2024-06-15 00:00:46.424,UNIUSDT,451915458,22018486105.0,SELL,10.382,5.0,0.0,,51.91,0.020764,USDT,1718409646424.0,SHORT,False,False
2024-06-18 08:01:04.361,XRPUSDT,1504027675,58675307765.0,SELL,0.4999,104.3,2.63879,,52.13957,0.02085582,USDT,1718697664361.0,LONG,False,False
2024-06-18 08:01:04.472,UNIUSDT,455225861,22071301749.0,BUY,9.862,5.0,2.10966666,,49.31,0.01972399,USDT,1718697664472.0,SHORT,True,False
2024-06-19 00:00:56.765,UNIUSDT,455775197,22082919525.0,BUY,9.747,5.0,2.68466666,,48.735,0.019494,USDT,1718755256765.0,SHORT,True,False
2024-06-19 00:00:56.888,DOTUSDT,836676894,23685464449.0,SELL,5.757,8.1,-2.8026,,46.6317,0.01865268,USDT,1718755256888.0,LONG,False,False
2024-06-19 00:00:57.980,ATOMUSDT,696580239,19585520375.0,SELL,6.68,7.56,0.0,,50.5008,0.02020032,USDT,1718755257980.0,SHORT,False,False
2024-06-19 00:00:59.061,FILUSDT,682043633,28214746233.0,BUY,4.341,11.4,0.0,,49.4874,0.01979496,USDT,1718755259061.0,LONG,True,False
2024-06-19 06:07:27.052,UNIUSDT,456117353,22088079921.0,BUY,10.171,1.0,0.11293333,,10.171,0.0040684,USDT,1718777247052.0,SHORT,True,False
2024-06-19 06:07:27.052,UNIUSDT,456117354,22088079921.0,BUY,10.171,3.0,0.33879999,,30.513,0.0122052,USDT,1718777247052.0,SHORT,True,False
2024-06-19 06:07:27.052,UNIUSDT,456117355,22088079921.0,BUY,10.171,1.0,0.11293333,,10.171,0.0040684,USDT,1718777247052.0,SHORT,True,False
2024-06-19 06:07:27.163,ADAUSDT,1138753184,42214463601.0,SELL,0.3965,122.0,-0.9882,,48.373,0.0193492,USDT,1718777247163.0,LONG,False,False
2024-06-20 00:01:01.217,LINKUSDT,1003643097,32975992566.0,SELL,14.321,1.41,-1.4382,,20.19261,0.00807704,USDT,1718841661217.0,LONG,False,False
2024-06-20 00:01:01.217,LINKUSDT,1003643098,32975992566.0,SELL,14.321,1.69,-1.7238,,24.20249,0.00968099,USDT,1718841661217.0,LONG,False,False
2024-06-20 00:01:01.217,LINKUSDT,1003643099,32975992566.0,SELL,14.321,0.13,-0.1326,,1.86173,0.00074469,USDT,1718841661217.0,LONG,False,False
2024-06-20 00:01:01.326,UNIUSDT,456608445,22097172742.0,BUY,9.944,4.0,1.35973333,,39.776,0.0159104,USDT,1718841661326.0,SHORT,True,False
2024-06-20 00:01:01.326,UNIUSDT,456608446,22097172742.0,BUY,9.944,1.0,0.33993333,,9.944,0.0039776,USDT,1718841661326.0,SHORT,True,False
2024-06-20 08:01:13.781,ATOMUSDT,696892237,19592751001.0,SELL,7.108,6.53,-3.08869,,46.41524,0.01856609,USDT,1718870473781.0,LONG,False,False
2024-06-20 08:01:13.904,UNIUSDT,456811779,22101654798.0,BUY,10.122,5.0,0.80966666,,50.61,0.020244,USDT,1718870473904.0,SHORT,True,False
2024-06-24 09:01:56.101,FILUSDT,684173864,28267626563.0,SELL,4.223,1.2,-0.71636487,,5.0676,0.00202704,USDT,1719219716101.0,LONG,False,False
2024-06-24 09:01:56.101,FILUSDT,684173865,28267626563.0,SELL,4.223,7.9,-4.71606878,,33.3617,0.01334468,USDT,1719219716101.0,LONG,False,False
2024-06-24 09:01:56.210,UNIUSDT,458795119,22145447864.0,BUY,9.171,5.0,5.56466666,,45.855,0.018342,USDT,1719219716210.0,SHORT,True,False
2024-06-24 16:00:43.908,UNIUSDT,459009256,22150213220.0,BUY,8.815,6.0,0.0,,52.89,0.021156,USDT,1719244843908.0,LONG,True,False
2024-06-24 16:00:44.996,ADAUSDT,1140883895,42309691183.0,SELL,0.37,137.0,0.0,,50.69,0.020276,USDT,1719244844996.0,SHORT,False,False
2024-06-25 04:01:21.875,UNIUSDT,459367289,22157889592.0,BUY,9.327,5.0,0.0,,46.635,0.018654,USDT,1719288081875.0,LONG,True,False
2024-06-25 04:01:23.107,DOTUSDT,838927390,23737559818.0,SELL,5.801,8.7,0.0,,50.4687,0.02018748,USDT,1719288083107.0,SHORT,False,False
2024-06-25 13:07:27.538,ATOMUSDT,698005404,19618515336.0,BUY,6.963,7.56,-2.13948,,52.64028,0.02105611,USDT,1719320847538.0,SHORT,True,False
2024-06-25 13:07:27.538,ADAUSDT,1141332558,42328010059.0,BUY,0.3923,137.0,-3.0551,,53.7451,0.02149804,USDT,1719320847538.0,SHORT,True,False
2024-06-25 13:07:27.539,FILUSDT,684925282,28283506137.0,SELL,4.418,11.4,-4.58246634,,50.3652,0.02014608,USDT,1719320847539.0,LONG,False,False
2024-06-25 13:07:27.539,DOTUSDT,839044639,23740525006.0,BUY,5.874,8.7,-0.6351,,51.1038,0.02044152,USDT,1719320847539.0,SHORT,True,False
2024-06-25 13:07:27.542,UNIUSDT,459511945,22161551873.0,SELL,9.336,8.0,2.30618181,,74.688,0.0298752,USDT,1719320847542.0,LONG,False,False
2024-06-25 13:07:27.542,UNIUSDT,459511946,22161551873.0,SELL,9.336,3.0,0.86481818,,28.008,0.0112032,USDT,1719320847542.0,LONG,False,False
2024-06-25 15:22:26.847,AVAXUSDT,819932727,21847634363.0,BUY,25.533,1.0,0.0,,25.533,0.0102132,USDT,1719328946847.0,LONG,True,False
2024-06-25 15:22:27.965,DOTUSDT,839087754,23741674085.0,SELL,5.922,5.1,0.0,,30.2022,0.01208088,USDT,1719328947965.0,SHORT,False,False
2024-06-25 15:22:29.033,AVAXUSDT,819932741,21847635099.0,BUY,25.532,1.0,0.0,,25.532,0.01021279,USDT,1719328949033.0,LONG,True,False
2024-06-25 15:22:30.113,LTCUSDT,930983166,31108039278.0,SELL,71.19,0.426,0.0,,30.32694,0.01213077,USDT,1719328950113.0,SHORT,False,False
2024-06-25 15:22:31.144,APTUSDT,470605606,9551349919.0,BUY,7.057,4.2,0.0,,29.6394,0.01185576,USDT,1719328951144.0,LONG,True,False
2024-06-25 15:22:32.332,MATICUSDT,1029620171,33757382033.0,SELL,0.5738,53.0,0.0,,30.4114,0.01216456,USDT,1719328952332.0,SHORT,False,False
2024-06-25 15:22:33.405,ETHUSDT,4146938697,8.389765694798422e+18,BUY,3422.14,0.009,0.0,,30.79926,0.0123197,USDT,1719328953405.0,LONG,True,False
2024-06-25 15:22:34.503,TRXUSDT,440665806,11923531357.0,SELL,0.12152,249.0,0.0,,30.25848,0.01210339,USDT,1719328954503.0,SHORT,False,False
2024-06-25 15:22:35.575,TRXUSDT,440665808,11923531465.0,SELL,0.12151,249.0,0.0,,30.25599,0.01210239,USDT,1719328955575.0,SHORT,False,False
2024-06-25 15:22:36.620,UNIUSDT,459561233,22162838308.0,BUY,9.483,1.0,0.0,,9.483,0.0037932,USDT,1719328956620.0,LONG,True,False
2024-06-25 15:22:36.620,UNIUSDT,459561234,22162838308.0,BUY,9.483,2.0,0.0,,18.966,0.0075864,USDT,1719328956620.0,LONG,True,False
2024-06-25 15:22:37.780,APTUSDT,470605609,9551350606.0,BUY,7.057,4.2,0.0,,29.6394,0.01185576,USDT,1719328957780.0,LONG,True,False
2024-06-25 15:22:38.782,MATICUSDT,1029620185,33757383593.0,SELL,0.5739,53.0,0.0,,30.4167,0.01216668,USDT,1719328958782.0,SHORT,False,False
2024-06-25 15:22:39.873,AVAXUSDT,819932991,21847639188.0,BUY,25.508,1.0,0.0,,25.508,0.0102032,USDT,1719328959873.0,LONG,True,False
2024-06-25 15:22:40.878,DOTUSDT,839087789,23741675898.0,SELL,5.92,5.1,0.0,,30.192,0.0120768,USDT,1719328960878.0,SHORT,False,False
2024-06-25 15:22:41.938,APTUSDT,470605619,9551351263.0,BUY,7.056,0.7,0.0,,4.9392,0.00197568,USDT,1719328961938.0,LONG,True,False
2024-06-25 15:22:41.938,APTUSDT,470605620,9551351263.0,BUY,7.056,3.5,0.0,,24.696,0.0098784,USDT,1719328961938.0,LONG,True,False
2024-06-25 15:22:42.959,MATICUSDT,1029620198,33757384427.0,SELL,0.5739,53.0,0.0,,30.4167,0.01216668,USDT,1719328962959.0,SHORT,False,False
2024-06-27 08:03:17.802,APTUSDT,470916932,9561146257.0,SELL,6.759,4.2,-1.2502,,28.3878,0.00993573,USDT,1719475397802.0,LONG,False,False
2024-06-27 08:03:17.927,MATICUSDT,1030054944,33775330080.0,BUY,0.5464,53.0,1.45573333,,28.9592,0.01013572,USDT,1719475397927.0,SHORT,True,False
2024-06-27 12:03:03.930,AVAXUSDT,821103749,21881858981.0,SELL,26.607,1.0,1.08266666,,26.607,0.00931245,USDT,1719489783930.0,LONG,False,False
2024-06-27 12:03:04.041,LTCUSDT,931355459,31118957421.0,BUY,71.53,0.426,-0.14484,,30.47178,0.01066512,USDT,1719489784041.0,SHORT,True,False
2024-06-29 12:01:56.799,APTUSDT,471322888,9574844154.0,SELL,7.005,4.2,-0.217,,29.421,0.01029735,USDT,1719662516799.0,LONG,False,False
2024-06-29 12:01:56.923,MATICUSDT,1030677427,33804628442.0,BUY,0.558,53.0,0.84093333,,29.574,0.0103509,USDT,1719662516923.0,SHORT,True,False
2024-06-29 14:59:34.780,APTUSDT,471334950,9575387854.0,SELL,6.952,4.2,-0.4396,,29.1984,0.01021944,USDT,1719673174780.0,LONG,False,False
2024-06-29 14:59:34.919,MATICUSDT,1030701170,33805759871.0,BUY,0.552,53.0,1.15893333,,29.256,0.0102396,USDT,1719673174919.0,SHORT,True,False
2024-06-30 00:02:20.654,AVAXUSDT,822808574,21923354344.0,SELL,27.773,1.0,2.24866666,,27.773,0.00972055,USDT,1719705740654.0,LONG,False,False
2024-06-30 00:02:20.775,DOTUSDT,840562950,23775817821.0,BUY,6.077,5.1,-0.7956,,30.9927,0.01084744,USDT,1719705740775.0,SHORT,True,False
2024-07-01 00:02:13.208,AVAXUSDT,823394319,21936672464.0,SELL,29.387,1.0,3.86266666,,29.387,0.01028545,USDT,1719792133208.0,LONG,False,False
2024-07-01 00:02:13.319,DOTUSDT,840820465,23782769180.0,BUY,6.201,5.1,-1.428,,31.6251,0.01106878,USDT,1719792133319.0,SHORT,True,False
2024-07-02 04:08:10.351,DOTUSDT,841221233,23792633271.0,SELL,6.464,4.7,0.0,,30.3808,0.01063328,USDT,1719893290351.0,SHORT,False,False
2024-07-02 04:08:11.417,XRPUSDT,1511146280,59562903267.0,BUY,0.4782,62.1,0.0,,29.69622,0.01039367,USDT,1719893291417.0,LONG,True,False
2024-07-02 04:08:12.520,DOTUSDT,841221241,23792633526.0,SELL,6.464,4.7,0.0,,30.3808,0.01063328,USDT,1719893292520.0,SHORT,False,False
2024-07-02 04:08:13.597,XRPUSDT,1511146282,59562904557.0,BUY,0.4782,62.1,0.0,,29.69622,0.01039367,USDT,1719893293597.0,LONG,True,False
2024-07-02 20:03:35.747,AVAXUSDT,824640653,21966227586.0,BUY,28.712,1.0,0.0,,28.712,0.0100492,USDT,1719950615747.0,LONG,True,False
2024-07-02 20:03:36.841,DOTUSDT,841573967,23799972868.0,SELL,6.525,4.6,0.0,,30.015,0.01050525,USDT,1719950616841.0,SHORT,False,False
2024-07-03 08:18:28.259,TRXUSDT,441760579,11949934528.0,BUY,0.12908,249.0,-1.883685,,32.14092,0.01124932,USDT,1719994708259.0,SHORT,True,False
2024-07-03 08:18:28.386,UNIUSDT,461910118,22228834190.0,SELL,8.862,3.0,-1.863,,26.586,0.0093051,USDT,1719994708386.0,LONG,False,False
2024-07-03 10:21:16.999,AVAXUSDT,825013246,21975298605.0,SELL,27.389,1.0,-1.323,,27.389,0.00958615,USDT,1720002076999.0,LONG,False,False
2024-07-03 10:21:17.135,DOTUSDT,841871152,23805702934.0,BUY,6.189,0.9,0.26553857,,5.5701,0.00194953,USDT,1720002077135.0,SHORT,True,False
2024-07-03 10:21:17.135,DOTUSDT,841871153,23805702934.0,BUY,6.189,3.7,1.09165857,,22.8993,0.00801475,USDT,1720002077135.0,SHORT,True,False
2024-07-03 12:03:14.718,AVAXUSDT,825078491,21976944669.0,BUY,27.232,1.0,0.0,,27.232,0.0095312,USDT,1720008194718.0,LONG,True,False
2024-07-03 12:03:15.880,DOTUSDT,841924811,23806706038.0,SELL,6.112,5.0,0.0,,30.56,0.010696,USDT,1720008195880.0,SHORT,False,False
2024-07-03 19:09:01.265,DOTUSDT,842080067,23810242998.0,BUY,6.079,4.7,1.29654815,,28.5713,0.00999995,USDT,1720033741265.0,SHORT,True,False
2024-07-03 19:09:01.390,XRPUSDT,1512092929,59674453698.0,SELL,0.4655,62.1,-0.78867,,28.90755,0.01011764,USDT,1720033741390.0,LONG,False,False
2024-07-03 19:09:01.545,DOTUSDT,842080068,23810243049.0,BUY,6.079,4.7,1.29654815,,28.5713,0.00999995,USDT,1720033741545.0,SHORT,True,False
2024-07-03 19:09:01.672,XRPUSDT,1512092930,59674454116.0,SELL,0.4655,62.1,-0.78867,,28.90755,0.01011764,USDT,1720033741672.0,LONG,False,False
2024-07-04 01:38:51.938,AVAXUSDT,825498406,21987691961.0,SELL,25.876,1.0,-1.356,,25.876,0.0090566,USDT,1720057131938.0,LONG,False,False
2024-07-04 01:38:52.046,DOTUSDT,842248132,23813326039.0,BUY,5.889,0.9,0.41927517,,5.3001,0.00185503,USDT,1720057132046.0,SHORT,True,False
2024-07-04 01:38:52.046,DOTUSDT,842248133,23813326039.0,BUY,5.889,4.1,1.91003136,,24.1449,0.00845071,USDT,1720057132046.0,SHORT,True,False
2024-07-04 01:50:07.817,ETHUSDT,4165661659,8.38976569722754e+18,SELL,3233.39,0.009,-1.69875,,29.10051,0.01018517,USDT,1720057807817.0,LONG,False,False
2024-07-04 01:50:07.926,TRXUSDT,441933722,11953099316.0,BUY,0.12803,249.0,-1.622235,,31.87947,0.01115781,USDT,1720057807926.0,SHORT,True,False
2024-07-05 05:18:42.782,AVAXUSDT,826758675,22014287899.0,BUY,22.892,1.0,0.0,,22.892,0.0080122,USDT,1720156722782.0,LONG,True,False
2024-07-05 05:18:43.880,DOTUSDT,843269462,23831480649.0,SELL,5.226,5.8,0.0,,30.3108,0.01060878,USDT,1720156723880.0,SHORT,False,False
2024-07-05 20:02:26.697,AVAXUSDT,827453636,22031110997.0,SELL,25.025,1.0,0.0,,25.025,0.00875874,USDT,1720209746697.0,SHORT,False,False
2024-07-05 20:02:27.785,LTCUSDT,934448765,31193279631.0,BUY,61.63,0.403,0.0,,24.83689,0.00869291,USDT,1720209747785.0,LONG,True,False
2024-07-05 20:02:27.785,LTCUSDT,934448766,31193279631.0,BUY,61.63,0.079,0.0,,4.86877,0.00170406,USDT,1720209747785.0,LONG,True,False
2024-07-06 00:02:52.278,APTUSDT,473169519,9627716193.0,BUY,5.539,5.4,0.0,,29.9106,0.01046871,USDT,1720224172278.0,LONG,True,False
2024-07-06 00:02:53.613,MATICUSDT,1033385972,33904701333.0,SELL,0.4678,65.0,0.0,,30.407,0.01064245,USDT,1720224173613.0,SHORT,False,False
2024-07-06 05:27:38.976,DOTUSDT,844138719,23847366827.0,SELL,5.701,5.3,0.0,,30.2153,0.01057535,USDT,1720243658976.0,SHORT,False,False
2024-07-06 05:27:40.008,XRPUSDT,1514548283,59864043502.0,BUY,0.4278,69.5,0.0,,29.7321,0.01040623,USDT,1720243660008.0,LONG,True,False
2024-07-06 05:27:41.080,DOTUSDT,844138721,23847366957.0,SELL,5.701,5.3,0.0,,30.2153,0.01057535,USDT,1720243661080.0,SHORT,False,False
2024-07-06 05:27:42.141,XRPUSDT,1514548286,59864045389.0,BUY,0.4278,6.5,0.0,,2.7807,0.00097324,USDT,1720243662141.0,LONG,True,False
2024-07-06 05:27:42.141,XRPUSDT,1514548287,59864045389.0,BUY,0.4278,63.0,0.0,,26.9514,0.00943299,USDT,1720243662141.0,LONG,True,False
2024-07-10 08:02:55.435,APTUSDT,474515434,9672896732.0,BUY,6.146,7.7,0.0,,47.3242,0.01656347,USDT,1720598575435.0,LONG,True,False
2024-07-10 08:02:55.435,APTUSDT,474515435,9672896732.0,BUY,6.146,24.8,0.0,,152.4208,0.05334728,USDT,1720598575435.0,LONG,True,False
2024-07-10 08:02:56.464,MATICUSDT,1035096935,33961486838.0,SELL,0.5063,403.0,0.0,,204.0389,0.07141361,USDT,1720598576464.0,SHORT,False,False
2024-07-10 09:24:23.434,APTUSDT,474526800,9673392107.0,BUY,6.086,32.9,0.0,,200.2294,0.07008029,USDT,1720603463434.0,LONG,True,False
2024-07-10 09:24:24.770,MATICUSDT,1035111735,33962054209.0,SELL,0.5041,332.0,0.0,,167.3612,0.05857642,USDT,1720603464770.0,SHORT,False,False
2024-07-10 09:24:24.770,MATICUSDT,1035111736,33962054209.0,SELL,0.5041,73.0,0.0,,36.7993,0.01287975,USDT,1720603464770.0,SHORT,False,False
2024-07-11 04:02:56.671,APTUSDT,474691150,9680202484.0,SELL,6.104,5.4,0.17376101,,32.9616,0.01153656,USDT,1720670576671.0,LONG,False,False
2024-07-11 04:02:56.797,MATICUSDT,1035323818,33970135672.0,BUY,0.5083,65.0,-0.38266609,,33.0395,0.01156382,USDT,1720670576797.0,SHORT,True,False
2024-07-11 12:02:56.539,AVAXUSDT,831322992,22135694075.0,BUY,25.754,1.0,-0.729,,25.754,0.0090139,USDT,1720699376539.0,SHORT,True,False
2024-07-11 12:02:56.651,LTCUSDT,936257361,31251659162.0,SELL,67.86,0.482,3.00286,,32.70852,0.01144798,USDT,1720699376651.0,LONG,False,False
2024-07-12 06:20:44.308,DOTUSDT,847522665,23924480586.0,BUY,5.892,10.6,-3.80527073,,62.4552,0.02185932,USDT,1720765244308.0,SHORT,True,False
2024-07-12 06:20:44.430,XRPUSDT,1518186091,60299535383.0,SELL,0.4579,139.0,4.1839,,63.6481,0.02227683,USDT,1720765244430.0,LONG,False,False
2024-07-14 06:24:01.008,APTUSDT,475310398,9706740124.0,SELL,6.552,32.5,15.60578389,,212.94,0.085176,USDT,1720938241008.0,LONG,False,False
2024-07-14 06:24:01.127,MATICUSDT,1036153437,34004734550.0,BUY,0.529,403.0,-10.71462978,,213.187,0.0852748,USDT,1720938241127.0,SHORT,True,False
2024-07-14 06:41:56.881,DOTUSDT,848105470,23940566655.0,BUY,6.203,62.7,0.0,,388.9281,0.15557124,USDT,1720939316881.0,LONG,True,False
2024-07-14 06:41:56.881,DOTUSDT,848105471,23940566655.0,BUY,6.203,1.1,0.0,,6.8233,0.00272932,USDT,1720939316881.0,LONG,True,False
2024-07-14 06:41:58.016,XRPUSDT,1521464877,60474246555.0,SELL,0.5249,769.5,0.0,,403.91055,0.16156422,USDT,1720939318016.0,SHORT,False,False
2024-07-14 07:34:17.013,APTUSDT,475323687,9707397166.0,SELL,6.642,32.9,18.75885508,,218.5218,0.08740872,USDT,1720942457013.0,LONG,False,False
2024-07-14 07:34:17.135,MATICUSDT,1036161240,34005334713.0,BUY,0.5294,31.0,-0.83660229,,16.4114,0.00656456,USDT,1720942457135.0,SHORT,True,False
2024-07-14 07:34:17.135,MATICUSDT,1036161241,34005334713.0,BUY,0.5294,374.0,-10.09320183,,197.9956,0.07919824,USDT,1720942457135.0,SHORT,True,False
2024-07-15 08:43:50.670,APTUSDT,475566174,9716363250.0,SELL,6.749,30.2,0.0,,203.8198,0.08152792,USDT,1721033030670.0,SHORT,False,False
2024-07-15 08:43:51.555,MATICUSDT,1036436180,34014362148.0,BUY,0.5415,330.0,0.0,,178.695,0.071478,USDT,1721033031555.0,LONG,True,False
2024-07-15 08:43:51.555,MATICUSDT,1036436181,34014362148.0,BUY,0.5415,39.0,0.0,,21.1185,0.0084474,USDT,1721033031555.0,LONG,True,False
2024-07-16 08:30:20.193,AVAXUSDT,834226311,22222234542.0,BUY,26.513,15.0,0.0,,397.695,0.159078,USDT,1721118620193.0,LONG,True,False
2024-07-16 08:30:21.329,DOTUSDT,848900234,23960467025.0,SELL,6.158,66.6,0.0,,410.1228,0.16404912,USDT,1721118621329.0,SHORT,False,False
2024-07-16 12:02:37.037,AVAXUSDT,834334145,22225528700.0,SELL,27.25,1.0,0.9633125,,27.25,0.0109,USDT,1721131357037.0,LONG,False,False
2024-07-16 12:02:37.166,DOTUSDT,848967283,23962110448.0,BUY,6.274,5.8,-0.96319488,,36.3892,0.01455568,USDT,1721131357166.0,SHORT,True,False
2024-07-16 16:01:39.604,AVAXUSDT,834515797,22230621763.0,SELL,28.463,1.0,2.1763125,,28.463,0.0113852,USDT,1721145699604.0,LONG,False,False
2024-07-16 16:01:39.604,AVAXUSDT,834515798,22230621763.0,SELL,28.463,5.0,10.8815625,,142.315,0.056926,USDT,1721145699604.0,LONG,False,False
2024-07-16 16:01:39.604,AVAXUSDT,834515799,22230621763.0,SELL,28.463,1.0,2.1763125,,28.463,0.0113852,USDT,1721145699604.0,LONG,False,False
2024-07-16 16:01:39.604,AVAXUSDT,834515800,22230621763.0,SELL,28.463,8.0,17.4105,,227.704,0.0910816,USDT,1721145699604.0,LONG,False,False
2024-07-16 16:01:39.726,DOTUSDT,849062187,23964536320.0,BUY,6.463,66.6,-23.64753438,,430.4358,0.17217432,USDT,1721145699726.0,SHORT,True,False
2024-07-17 08:01:09.104,APTUSDT,476181130,9739079907.0,BUY,7.332,30.2,-17.6066,,221.4264,0.08857056,USDT,1721203269104.0,SHORT,True,False
2024-07-17 08:01:09.216,MATICUSDT,1037175695,34046479924.0,SELL,0.5534,369.0,4.3911,,204.2046,0.08168184,USDT,1721203269216.0,LONG,False,False
2024-07-17 08:01:09.343,DOTUSDT,849298244,23971259817.0,SELL,6.467,63.8,16.8432,,412.5946,0.16503784,USDT,1721203269343.0,LONG,False,False
2024-07-17 08:01:09.451,XRPUSDT,1525928446,60731664413.0,BUY,0.61,769.5,-65.48445,,469.395,0.187758,USDT,1721203269451.0,SHORT,True,False
2024-07-17 08:28:53.622,APTUSDT,476193467,9739403416.0,SELL,7.28,27.7,0.0,,201.656,0.08066239,USDT,1721204933622.0,SHORT,False,False
2024-07-17 08:29:05.663,MATICUSDT,1037186640,34046804224.0,BUY,0.5511,366.0,0.0,,201.7026,0.08068104,USDT,1721204945663.0,LONG,True,False
2024-07-17 08:46:36.576,APTUSDT,476198250,9739602810.0,SELL,7.252,2.5,0.0,,18.13,0.007252,USDT,1721205996576.0,SHORT,False,False
2024-07-17 08:52:33.652,APTUSDT,476199723,9739654660.0,BUY,7.212,15.9,1.04434569,,114.6708,0.04586832,USDT,1721206353652.0,SHORT,True,False
2024-07-17 08:52:33.652,APTUSDT,476199724,9739654660.0,BUY,7.212,14.3,0.9392543,,103.1316,0.04125264,USDT,1721206353652.0,SHORT,True,False
2024-07-17 08:52:33.800,MATICUSDT,1037192565,34047036037.0,SELL,0.5509,10.0,-0.002,,5.509,0.0022036,USDT,1721206353800.0,LONG,False,False
2024-07-17 08:52:33.800,MATICUSDT,1037192566,34047036037.0,SELL,0.5509,37.0,-0.0074,,20.3833,0.00815332,USDT,1721206353800.0,LONG,False,False
2024-07-17 08:52:33.800,MATICUSDT,1037192567,34047036037.0,SELL,0.5509,10.0,-0.002,,5.509,0.0022036,USDT,1721206353800.0,LONG,False,False
2024-07-17 08:52:33.800,MATICUSDT,1037192568,34047036037.0,SELL,0.5509,309.0,-0.0618,,170.2281,0.06809124,USDT,1721206353800.0,LONG,False,False
2024-07-17 11:58:09.713,MATICUSDT,1037230315,34048487457.0,BUY,0.5482,369.0,0.0,,202.2858,0.08091432,USDT,1721217489713.0,LONG,True,False
2024-07-17 11:58:22.708,APTUSDT,476237057,9741023495.0,SELL,7.122,30.2,0.0,,215.0844,0.08603376,USDT,1721217502708.0,SHORT,False,False
2024-07-18 16:01:23.818,ADAUSDT,1152743909,42852679255.0,SELL,0.4249,891.0,0.0,,378.5859,0.15143435,USDT,1721318483818.0,SHORT,False,False
2024-07-18 16:01:24.904,LTCUSDT,938248109,31318726430.0,BUY,71.06,2.708,0.0,,192.43048,0.07697219,USDT,1721318484904.0,LONG,True,False
2024-07-18 16:01:24.904,LTCUSDT,938248110,31318726430.0,BUY,71.06,2.624,0.0,,186.46144,0.07458457,USDT,1721318484904.0,LONG,True,False
2024-07-18 17:20:52.402,APTUSDT,476562678,9753362302.0,BUY,6.99,8.4,1.1088,,58.716,0.0234864,USDT,1721323252402.0,SHORT,True,False
2024-07-18 17:20:52.402,APTUSDT,476562679,9753362302.0,BUY,6.99,1.9,0.2508,,13.281,0.0053124,USDT,1721323252402.0,SHORT,True,False
2024-07-18 17:20:52.402,APTUSDT,476562680,9753362302.0,BUY,6.99,2.4,0.3168,,16.776,0.0067104,USDT,1721323252402.0,SHORT,True,False
2024-07-18 17:20:52.402,APTUSDT,476562681,9753362302.0,BUY,6.991,17.5,2.2925,,122.3425,0.048937,USDT,1721323252402.0,SHORT,True,False
2024-07-18 17:20:52.514,MATICUSDT,1037728853,34067937732.0,SELL,0.5183,369.0,-11.0331,,191.2527,0.07650108,USDT,1721323252514.0,LONG,False,False
2024-07-19 04:02:08.452,APTUSDT,476640429,9757027251.0,SELL,7.096,28.5,0.0,,202.236,0.0808944,USDT,1721361728452.0,SHORT,False,False
2024-07-19 04:02:09.778,MATICUSDT,1037854978,34074561914.0,BUY,0.5205,376.0,0.0,,195.708,0.0782832,USDT,1721361729778.0,LONG,True,False
2024-07-19 04:02:09.778,MATICUSDT,1037854979,34074561914.0,BUY,0.5205,12.0,0.0,,6.246,0.0024984,USDT,1721361729778.0,LONG,True,False
2024-07-19 04:02:11.400,APTUSDT,476640454,9757027718.0,SELL,7.094,28.5,0.0,,202.179,0.0808716,USDT,1721361731400.0,SHORT,False,False
2024-07-19 04:02:13.022,MATICUSDT,1037855001,34074564270.0,BUY,0.5203,388.0,0.0,,201.8764,0.08075056,USDT,1721361733022.0,LONG,True,False
2024-07-20 08:01:32.475,LTCUSDT,938615893,31331336181.0,BUY,73.28,2.402,0.0,,176.01856,0.07040742,USDT,1721462492475.0,LONG,True,False
2024-07-20 08:01:33.268,NEARUSDT,712254915,25153020052.0,SELL,6.348,4.0,0.0,,25.392,0.0101568,USDT,1721462493268.0,SHORT,False,False
2024-07-20 08:01:33.268,NEARUSDT,712254916,25153020052.0,SELL,6.348,11.0,0.0,,69.828,0.0279312,USDT,1721462493268.0,SHORT,False,False
2024-07-20 08:01:33.268,NEARUSDT,712254917,25153020052.0,SELL,6.348,13.0,0.0,,82.524,0.0330096,USDT,1721462493268.0,SHORT,False,False
2024-07-21 12:02:26.413,ADAUSDT,1153831618,42931731879.0,BUY,0.4302,891.0,-4.7223,,383.3082,0.15332328,USDT,1721563346413.0,SHORT,True,False
2024-07-21 12:02:26.552,LTCUSDT,938783830,31337728078.0,SELL,73.22,5.332,7.84081148,,390.40904,0.15616361,USDT,1721563346552.0,LONG,False,False
2024-07-21 16:02:33.310,AVAXUSDT,837599745,22319300514.0,SELL,31.062,13.0,0.0,,403.806,0.1615224,USDT,1721577753310.0,SHORT,False,False
2024-07-21 16:02:34.436,DOTUSDT,850609372,24010801739.0,BUY,6.284,64.6,0.0,,405.9464,0.16237856,USDT,1721577754436.0,LONG,True,False
2024-07-25 00:01:46.215,LTCUSDT,939827430,31371431077.0,SELL,71.2,1.391,-0.76432698,,99.0392,0.03961568,USDT,1721865706215.0,LONG,False,False
2024-07-25 00:01:46.215,LTCUSDT,939827431,31371431077.0,SELL,71.2,0.349,-0.19176859,,24.8488,0.00993952,USDT,1721865706215.0,LONG,False,False
2024-07-25 00:01:46.215,LTCUSDT,939827432,31371431077.0,SELL,71.2,0.662,-0.3637559,,47.1344,0.01885376,USDT,1721865706215.0,LONG,False,False
2024-07-25 00:01:46.338,NEARUSDT,714039336,25204357500.0,BUY,5.609,27.0,19.953,,151.443,0.0605772,USDT,1721865706338.0,SHORT,True,False
2024-07-25 00:01:46.338,NEARUSDT,714039337,25204357500.0,BUY,5.609,1.0,0.739,,5.609,0.0022436,USDT,1721865706338.0,SHORT,True,False
2024-07-25 11:03:11.559,AVAXUSDT,841655840,22414893155.0,SELL,27.205,1.0,0.0,,27.205,0.010882,USDT,1721905391559.0,SHORT,False,False
2024-07-25 11:03:11.559,AVAXUSDT,841655841,22414893155.0,SELL,27.205,6.0,0.0,,163.23,0.065292,USDT,1721905391559.0,SHORT,False,False
2024-07-25 11:03:11.559,AVAXUSDT,841655842,22414893155.0,SELL,27.205,1.0,0.0,,27.205,0.010882,USDT,1721905391559.0,SHORT,False,False
2024-07-25 11:03:11.559,AVAXUSDT,841655843,22414893155.0,SELL,27.202,10.0,0.0,,272.02,0.108808,USDT,1721905391559.0,SHORT,False,False
2024-07-25 11:03:12.940,LINKUSDT,1019970681,33422362933.0,BUY,12.916,1.56,0.0,,20.14896,0.00805958,USDT,1721905392940.0,LONG,True,False
2024-07-25 11:03:12.940,LINKUSDT,1019970682,33422362933.0,BUY,12.916,36.86,0.0,,476.08376,0.1904335,USDT,1721905392940.0,LONG,True,False
2024-07-25 11:03:14.511,ATOMUSDT,704347943,19791170583.0,BUY,5.858,63.04,0.0,,369.28832,0.14771532,USDT,1721905394511.0,LONG,True,False
2024-07-25 11:03:16.128,MATICUSDT,1039990048,34155747970.0,SELL,0.5025,734.0,0.0,,368.835,0.147534,USDT,1721905396128.0,SHORT,False,False
2024-07-25 11:03:17.325,TRXUSDT,446073352,12045912402.0,SELL,0.13614,1065.0,0.0,,144.9891,0.05799564,USDT,1721905397325.0,SHORT,False,False
2024-07-25 11:03:18.695,UNIUSDT,469242204,22468512594.0,BUY,7.156,20.0,0.0,,143.12,0.057248,USDT,1721905398695.0,LONG,True,False
2024-07-26 08:02:01.539,ATOMUSDT,704531219,19796224030.0,SELL,6.09,18.29,4.24328,,111.3861,0.04455444,USDT,1721980921539.0,LONG,False,False
2024-07-26 08:02:01.539,ATOMUSDT,704531220,19796224030.0,SELL,6.09,19.15,4.4428,,116.6235,0.0466494,USDT,1721980921539.0,LONG,False,False
2024-07-26 08:02:01.539,ATOMUSDT,704531221,19796224030.0,SELL,6.09,25.6,5.9392,,155.904,0.0623616,USDT,1721980921539.0,LONG,False,False
2024-07-26 08:02:01.650,MATICUSDT,1040299492,34168161884.0,BUY,0.5119,734.0,-6.8996,,375.7346,0.15029384,USDT,1721980921650.0,SHORT,True,False
2024-07-26 16:01:50.662,AVAXUSDT,842587656,22443052636.0,SELL,28.566,14.0,0.0,,399.924,0.15996959,USDT,1722009710662.0,SHORT,False,False
2024-07-26 16:01:52.006,DOTUSDT,852340703,24059386194.0,BUY,5.817,69.8,0.0,,406.0266,0.16241064,USDT,1722009712006.0,LONG,True,False
2024-07-27 08:02:43.706,AVAXUSDT,842873623,22453045975.0,BUY,28.687,9.0,0.495,,258.183,0.1032732,USDT,1722067363706.0,SHORT,True,False
2024-07-27 08:02:43.706,AVAXUSDT,842873624,22453045975.0,BUY,28.687,1.0,0.055,,28.687,0.0114748,USDT,1722067363706.0,SHORT,True,False
2024-07-27 08:02:43.706,AVAXUSDT,842873625,22453045975.0,BUY,28.688,8.0,0.432,,229.504,0.0918016,USDT,1722067363706.0,SHORT,True,False
2024-07-27 08:02:43.826,LINKUSDT,1020636889,33442980259.0,SELL,13.668,15.6,11.7312,,213.2208,0.08528832,USDT,1722067363826.0,LONG,False,False
2024-07-27 08:02:43.826,LINKUSDT,1020636890,33442980259.0,SELL,13.668,4.35,3.2712,,59.4558,0.02378232,USDT,1722067363826.0,LONG,False,False
2024-07-27 08:02:43.826,LINKUSDT,1020636891,33442980259.0,SELL,13.668,2.2,1.6544,,30.0696,0.01202784,USDT,1722067363826.0,LONG,False,False
2024-07-27 08:02:43.826,LINKUSDT,1020636892,33442980259.0,SELL,13.668,6.63,4.98576,,90.61884,0.03624753,USDT,1722067363826.0,LONG,False,False
2024-07-27 08:02:43.826,LINKUSDT,1020636893,33442980259.0,SELL,13.667,2.2,1.6522,,30.0674,0.01202696,USDT,1722067363826.0,LONG,False,False
2024-07-27 08:02:43.826,LINKUSDT,1020636894,33442980259.0,SELL,13.667,7.44,5.58744,,101.68248,0.04067299,USDT,1722067363826.0,LONG,False,False
2024-07-27 08:02:44.923,AVAXUSDT,842873626,22453046178.0,SELL,28.687,14.0,0.0,,401.618,0.16064719,USDT,1722067364923.0,SHORT,False,False
2024-07-27 08:02:46.063,DOTUSDT,852440570,24063299830.0,BUY,5.879,69.1,0.0,,406.2389,0.16249556,USDT,1722067366063.0,LONG,True,False
2024-07-27 16:02:17.558,APTUSDT,478670857,9835748091.0,SELL,7.162,28.2,0.0,,201.9684,0.08078736,USDT,1722096137558.0,SHORT,False,False
2024-07-27 16:02:18.305,LINKUSDT,1020743751,33445994972.0,BUY,13.635,1.89,0.0,,25.77015,0.01030806,USDT,1722096138305.0,LONG,True,False
2024-07-27 16:02:18.305,LINKUSDT,1020743752,33445994972.0,BUY,13.635,2.69,0.0,,36.67815,0.01467126,USDT,1722096138305.0,LONG,True,False
2024-07-27 16:02:18.305,LINKUSDT,1020743753,33445994972.0,BUY,13.635,2.21,0.0,,30.13335,0.01205334,USDT,1722096138305.0,LONG,True,False
2024-07-27 16:02:18.305,LINKUSDT,1020743754,33445994972.0,BUY,13.635,3.38,0.0,,46.0863,0.01843452,USDT,1722096138305.0,LONG,True,False
2024-07-27 16:02:18.305,LINKUSDT,1020743755,33445994972.0,BUY,13.636,4.64,0.0,,63.27104,0.02530841,USDT,1722096138305.0,LONG,True,False
2024-07-27 17:03:57.155,ETHUSDT,4246029285,8.389765706487256e+18,BUY,3268.35,0.218,0.0,,712.5003,0.28500012,USDT,1722099837155.0,LONG,True,False
2024-07-27 17:03:58.573,LTCUSDT,940519386,31392903502.0,SELL,72.08,9.878,0.0,,712.00624,0.28480249,USDT,1722099838573.0,SHORT,False,False
2024-07-28 00:01:59.722,APTUSDT,478762570,9839677051.0,SELL,7.106,1.3,0.0,,9.2378,0.00369512,USDT,1722124919722.0,SHORT,False,False
2024-07-28 00:01:59.722,APTUSDT,478762571,9839677051.0,SELL,7.106,7.2,0.0,,51.1632,0.02046528,USDT,1722124919722.0,SHORT,False,False
2024-07-28 00:01:59.722,APTUSDT,478762572,9839677051.0,SELL,7.106,0.8,0.0,,5.6848,0.00227392,USDT,1722124919722.0,SHORT,False,False
2024-07-28 00:01:59.722,APTUSDT,478762573,9839677051.0,SELL,7.106,14.0,0.0,,99.484,0.0397936,USDT,1722124919722.0,SHORT,False,False
2024-07-28 00:01:59.722,APTUSDT,478762574,9839677051.0,SELL,7.106,5.1,0.0,,36.2406,0.01449624,USDT,1722124919722.0,SHORT,False,False
2024-07-28 00:02:00.565,LTCUSDT,940618509,31396464550.0,BUY,71.19,0.82,0.0,,58.3758,0.02335032,USDT,1722124920565.0,LONG,True,False
2024-07-28 00:02:00.565,LTCUSDT,940618510,31396464550.0,BUY,71.19,0.696,0.0,,49.54824,0.01981929,USDT,1722124920565.0,LONG,True,False
2024-07-28 00:02:00.565,LTCUSDT,940618511,31396464550.0,BUY,71.19,1.321,0.0,,94.04199,0.03761679,USDT,1722124920565.0,LONG,True,False
2024-07-28 00:02:01.291,ATOMUSDT,704798212,19804304410.0,SELL,6.333,58.25,0.0,,368.89725,0.1475589,USDT,1722124921291.0,SHORT,False,False
2024-07-28 00:02:02.041,MATICUSDT,1040647290,34183497358.0,BUY,0.5157,716.0,0.0,,369.2412,0.14769648,USDT,1722124922041.0,LONG,True,False
2024-07-28 21:06:54.430,APTUSDT,478879709,9845143540.0,BUY,6.829,28.4,8.10485,,193.9436,0.07757744,USDT,1722200814430.0,SHORT,True,False
2024-07-28 21:06:54.571,LTCUSDT,940747464,31401258528.0,SELL,71.12,0.285,-0.01995,,20.2692,0.00810768,USDT,1722200814571.0,LONG,False,False
2024-07-28 21:06:54.571,LTCUSDT,940747465,31401258528.0,SELL,71.12,1.143,-0.08001,,81.29016,0.03251606,USDT,1722200814571.0,LONG,False,False
2024-07-28 21:06:54.571,LTCUSDT,940747466,31401258528.0,SELL,71.12,0.282,-0.01974,,20.05584,0.00802233,USDT,1722200814571.0,LONG,False,False
2024-07-28 21:06:54.571,LTCUSDT,940747467,31401258528.0,SELL,71.12,0.282,-0.01974,,20.05584,0.00802233,USDT,1722200814571.0,LONG,False,False
2024-07-28 21:06:54.571,LTCUSDT,940747468,31401258528.0,SELL,71.12,0.845,-0.05915,,60.0964,0.02403856,USDT,1722200814571.0,LONG,False,False
2024-07-29 08:02:30.586,APTUSDT,478963196,9848935780.0,BUY,7.041,9.3,0.68245299,,65.4813,0.02619252,USDT,1722240150586.0,SHORT,True,False
2024-07-29 08:02:30.586,APTUSDT,478963197,9848935780.0,BUY,7.041,2.4,0.1761169,,16.8984,0.00675936,USDT,1722240150586.0,SHORT,True,False
2024-07-29 08:02:30.586,APTUSDT,478963198,9848935780.0,BUY,7.041,0.8,0.05870563,,5.6328,0.00225312,USDT,1722240150586.0,SHORT,True,False
2024-07-29 08:02:30.586,APTUSDT,478963199,9848935780.0,BUY,7.042,15.7,1.13639806,,110.5594,0.04422376,USDT,1722240150586.0,SHORT,True,False
2024-07-29 08:02:30.713,LINKUSDT,1021270219,33462198287.0,SELL,13.884,14.81,3.68305,,205.62204,0.08224881,USDT,1722240150713.0,LONG,False,False
2024-07-30 00:03:01.846,AVAXUSDT,844512094,22508747539.0,BUY,27.009,14.0,23.99907317,,378.126,0.1512504,USDT,1722297781846.0,SHORT,True,False
2024-07-30 00:03:01.989,DOTUSDT,853132813,24085244191.0,SELL,5.647,1.2,-0.40715911,,6.7764,0.00271056,USDT,1722297781989.0,LONG,False,False
2024-07-30 00:03:01.989,DOTUSDT,853132814,24085244191.0,SELL,5.647,27.6,-9.36465965,,155.8572,0.06234288,USDT,1722297781989.0,LONG,False,False
2024-07-30 00:03:01.989,DOTUSDT,853132815,24085244191.0,SELL,5.647,1.4,-0.47501896,,7.9058,0.00316232,USDT,1722297781989.0,LONG,False,False
2024-07-30 00:03:01.989,DOTUSDT,853132816,24085244191.0,SELL,5.647,11.2,-3.80015174,,63.2464,0.02529856,USDT,1722297781989.0,LONG,False,False
2024-07-30 00:03:01.989,DOTUSDT,853132817,24085244191.0,SELL,5.647,28.4,-9.63609906,,160.3748,0.06414992,USDT,1722297781989.0,LONG,False,False
2024-07-30 04:02:29.316,ATOMUSDT,705152241,19815590607.0,BUY,6.174,58.25,9.26175,,359.6355,0.14385419,USDT,1722312149316.0,SHORT,True,False
2024-07-30 04:02:29.429,MATICUSDT,1041152951,34210784078.0,SELL,0.5158,716.0,-1.67866487,,369.3128,0.14772511,USDT,1722312149429.0,LONG,False,False
2024-07-30 08:02:55.660,AVAXUSDT,844668582,22515122920.0,BUY,27.24,14.0,20.76507317,,381.36,0.152544,USDT,1722326575660.0,SHORT,True,False
2024-07-30 08:02:55.786,DOTUSDT,853207535,24087869653.0,SELL,5.7,69.1,-19.78327906,,393.87,0.157548,USDT,1722326575786.0,LONG,False,False
2024-07-31 04:14:09.956,APTUSDT,479303081,9863572204.0,BUY,6.596,28.5,14.7738882,,187.986,0.07519439,USDT,1722399249956.0,SHORT,True,False
2024-07-31 04:14:10.079,MATICUSDT,1041460825,34225383223.0,SELL,0.5095,388.0,-3.35406756,,197.686,0.0790744,USDT,1722399250079.0,LONG,False,False
2024-07-31 08:02:41.709,APTUSDT,479332135,9864695698.0,BUY,6.596,28.5,14.7738882,,187.986,0.07519439,USDT,1722412961709.0,SHORT,True,False
2024-07-31 08:02:41.820,MATICUSDT,1041513660,34228346582.0,SELL,0.5163,388.0,-0.71566756,,200.3244,0.08012975,USDT,1722412961820.0,LONG,False,False
2024-08-01 08:03:15.178,APTUSDT,479554218,9874077573.0,BUY,6.32,31.9,0.0,,201.608,0.0806432,USDT,1722499395178.0,LONG,True,False
2024-08-01 08:03:16.355,LTCUSDT,941927451,31440568573.0,SELL,69.87,2.89,0.0,,201.9243,0.08076972,USDT,1722499396355.0,SHORT,False,False
2024-08-01 11:06:49.635,ATOMUSDT,705516363,19828422509.0,BUY,5.797,21.86,0.0,,126.72242,0.05068896,USDT,1722510409635.0,LONG,True,False
2024-08-01 11:06:49.635,ATOMUSDT,705516364,19828422509.0,BUY,5.797,41.79,0.0,,242.25663,0.09690265,USDT,1722510409635.0,LONG,True,False
2024-08-01 11:06:50.706,MATICUSDT,1041937982,34246995180.0,SELL,0.4959,744.0,0.0,,368.9496,0.14757983,USDT,1722510410706.0,SHORT,False,False
2024-08-01 20:02:23.005,ETHUSDT,4262092511,8.389765708723901e+18,SELL,3127.59,0.218,-30.68568,,681.81462,0.27272584,USDT,1722542543005.0,LONG,False,False
2024-08-01 20:02:23.126,LTCUSDT,942134384,31447397978.0,BUY,67.01,9.878,45.1402164,,661.92478,0.26476991,USDT,1722542543126.0,SHORT,True,False
2024-08-02 14:55:14.630,AVAXUSDT,846712499,22594650287.0,BUY,23.962,13.0,61.89585365,,311.506,0.1246024,USDT,1722610514630.0,SHORT,True,False
2024-08-02 14:55:16.088,DOTUSDT,854425555,24122318172.0,SELL,5.107,64.6,-56.80273238,,329.9122,0.13196488,USDT,1722610516088.0,LONG,False,False
2024-08-03 12:02:39.152,ADAUSDT,1159443971,43297876754.0,SELL,0.3691,163.0,0.0,,60.1633,0.02406532,USDT,1722686559152.0,SHORT,False,False
2024-08-03 12:02:41.588,VETUSDT,373243343,18450463868.0,BUY,0.024359,656.0,0.0,,15.979504,0.0063918,USDT,1722686561588.0,LONG,True,False
2024-08-03 12:02:41.588,VETUSDT,373243344,18450463868.0,BUY,0.02436,904.0,0.0,,22.02144,0.00880857,USDT,1722686561588.0,LONG,True,False
2024-08-03 12:02:41.588,VETUSDT,373243345,18450463868.0,BUY,0.02436,457.0,0.0,,11.13252,0.004453,USDT,1722686561588.0,LONG,True,False
2024-08-03 12:02:41.589,VETUSDT,373243346,18450463868.0,BUY,0.024363,447.0,0.0,,10.890261,0.0043561,USDT,1722686561589.0,LONG,True,False
2024-08-04 00:02:27.392,APTUSDT,480283276,9902470871.0,BUY,5.562,19.0,0.0,,105.678,0.0422712,USDT,1722729747392.0,LONG,True,False
2024-08-04 00:02:27.392,APTUSDT,480283277,9902470871.0,BUY,5.562,4.2,0.0,,23.3604,0.00934416,USDT,1722729747392.0,LONG,True,False
2024-08-04 00:02:27.392,APTUSDT,480283278,9902470871.0,BUY,5.562,1.0,0.0,,5.562,0.0022248,USDT,1722729747392.0,LONG,True,False
2024-08-04 00:02:27.392,APTUSDT,480283279,9902470871.0,BUY,5.562,12.1,0.0,,67.3002,0.02692008,USDT,1722729747392.0,LONG,True,False
2024-08-04 00:02:29.474,LINKUSDT,1024033334,33544908793.0,SELL,11.669,17.31,0.0,,201.99039,0.08079615,USDT,1722729749474.0,SHORT,False,False
2024-08-04 00:02:32.977,LTCUSDT,942947934,31475017753.0,SELL,64.48,1.035,0.0,,66.7368,0.02669472,USDT,1722729752977.0,SHORT,False,False
2024-08-04 00:02:32.977,LTCUSDT,942947935,31475017753.0,SELL,64.48,1.694,0.0,,109.22912,0.04369164,USDT,1722729752977.0,SHORT,False,False
2024-08-04 00:02:35.123,NEARUSDT,718591040,25333888862.0,BUY,4.356,15.0,0.0,,65.34,0.026136,USDT,1722729755123.0,LONG,True,False
2024-08-04 00:02:35.123,NEARUSDT,718591041,25333888862.0,BUY,4.356,25.0,0.0,,108.9,0.04356,USDT,1722729755123.0,LONG,True,False
2024-08-04 04:01:55.147,ETHUSDT,4271212373,8.389765709888597e+18,BUY,2915.19,0.038,0.0,,110.77722,0.04431088,USDT,1722744115147.0,LONG,True,False
2024-08-04 04:01:55.147,ETHUSDT,4271212374,8.389765709888597e+18,BUY,2915.19,0.216,0.0,,629.68104,0.25187241,USDT,1722744115147.0,LONG,True,False
2024-08-04 04:01:57.595,TRXUSDT,447741253,12081188113.0,SELL,0.12617,5865.0,0.0,,739.98705,0.29599482,USDT,1722744117595.0,SHORT,False,False
2024-08-04 12:03:06.274,ETHUSDT,4271826736,8.389765710023542e+18,BUY,2916.25,0.244,0.0,,711.565,0.284626,USDT,1722772986274.0,LONG,True,False
2024-08-04 12:03:08.635,LTCUSDT,943048070,31478604744.0,SELL,64.85,10.976,0.0,,711.7936,0.28471744,USDT,1722772988635.0,SHORT,False,False
2024-08-05 00:43:05.603,ETHUSDT,4275580522,8.389765710334801e+18,SELL,2612.68,0.045,-13.63632108,,117.5706,0.04702824,USDT,1722818585603.0,LONG,False,False
2024-08-05 00:43:05.603,ETHUSDT,4275580523,8.389765710334801e+18,SELL,2612.64,0.015,-4.54604036,,39.1896,0.01567584,USDT,1722818585603.0,LONG,False,False
2024-08-05 00:43:05.603,ETHUSDT,4275580524,8.389765710334801e+18,SELL,2612.61,0.194,-58.80127534,,506.84634,0.20273853,USDT,1722818585603.0,LONG,False,False
2024-08-05 00:43:06.962,TRXUSDT,448035097,12085908852.0,BUY,0.1249,5296.0,14.84037783,,661.4704,0.26458816,USDT,1722818586962.0,SHORT,True,False
2024-08-05 00:43:06.962,TRXUSDT,448035098,12085908852.0,BUY,0.1249,569.0,1.59444391,,71.0681,0.02842724,USDT,1722818586962.0,SHORT,True,False
2024-08-05 00:46:45.383,TRXUSDT,448037493,12085934044.0,BUY,0.12517,1065.0,2.69677824,,133.30605,0.05332242,USDT,1722818805383.0,SHORT,True,False
2024-08-05 00:46:46.775,UNIUSDT,472031545,22571410843.0,SELL,5.963,20.0,-23.86,,119.26,0.047704,USDT,1722818806775.0,LONG,False,False
2024-08-05 08:03:14.713,ATOMUSDT,706876197,19863078467.0,SELL,4.517,63.65,-81.47200000,,287.50705,0.11500282,USDT,1722844994713.0,LONG,False,False
2024-08-05 08:03:16.194,MATICUSDT,1044284470,34313640934.0,BUY,0.36850,14,1.78360000,,5.15900,0.00206360,USDT,1722844996194.0,SHORT,True,False
2024-08-05 08:03:16.194,MATICUSDT,1044284471,34313640934.0,BUY,0.36850,406,51.72440000,,149.61100,0.05984440,USDT,1722844996194.0,SHORT,True,False
2024-08-05 08:03:16.194,MATICUSDT,1044284472,34313640934.0,BUY,0.36850,324,41.27760000,,119.39400,0.04775760,USDT,1722844996194.0,SHORT,True,False
2024-08-05 12:02:50.272,APTUSDT,481137473,9924820483.0,SELL,4.55500,36.3,-49.42420645,,165.346500,0.06613860,USDT,1722859370272.0,LONG,False,False
2024-08-05 12:02:51.747,LINKUSDT,1025886253,33582613719.0,BUY,8.472,2.38,7.60886000,,20.16336,0.00806534,USDT,1722859371747.0,SHORT,True,False
2024-08-05 12:02:51.747,LINKUSDT,1025886254,33582613719.0,BUY,8.472,3.55,11.34935000,,30.07560,0.01203024,USDT,1722859371747.0,SHORT,True,False
2024-08-05 12:02:51.747,LINKUSDT,1025886255,33582613719.0,BUY,8.472,11.38,36.38186000,,96.41136,0.03856454,USDT,1722859371747.0,SHORT,True,False
2024-08-06 00:02:27.520,ADAUSDT,1161881282,43396430000.0,BUY,0.31260,163,9.20950000,,50.95380,0.02038152,USDT,1722902547520.0,SHORT,True,False
2024-08-06 00:02:28.873,VETUSDT,374072353,18476997888.0,SELL,0.021603,815,-2.24718157,,17.606445,0.00704257,USDT,1722902548873.0,LONG,False,False
2024-08-06 00:02:28.873,VETUSDT,374072354,18476997888.0,SELL,0.021602,764,-2.10732439,,16.503928,0.00660157,USDT,1722902548873.0,LONG,False,False
2024-08-06 00:02:28.873,VETUSDT,374072355,18476997888.0,SELL,0.021602,885,-2.44107603,,19.117770,0.00764710,USDT,1722902548873.0,LONG,False,False
2024-08-06 12:02:35.651,APTUSDT,481679081,9940698363.0,SELL,5.15000,39.2,0,,201.880000,0.08075200,USDT,1722945755651.0,SHORT,False,False
2024-08-06 12:02:38.081,LINKUSDT,1026911498,33610107888.0,BUY,9.989,18.86,0,,188.39254,0.07535701,USDT,1722945758081.0,LONG,True,False
2024-08-06 12:02:38.081,LINKUSDT,1026911499,33610107888.0,BUY,9.989,1.35,0,,13.48515,0.00539406,USDT,1722945758081.0,LONG,True,False
2024-08-06 12:04:44.057,LINKUSDT,1026913286,33610147762.0,SELL,10.013,20.21,0.48504000,,202.36273,0.08094509,USDT,1722945884057.0,LONG,False,False
2024-08-06 12:04:47.181,APTUSDT,481679641,9940722632.0,BUY,5.15500,39.2,-0.19600000,,202.076000,0.08083040,USDT,1722945887181.0,SHORT,True,False
2024-08-06 12:14:32.312,APTUSDT,481681412,9940822111.0,SELL,5.15300,4.7,0,,24.219100,0.00968764,USDT,1722946472312.0,SHORT,False,False
2024-08-06 12:14:32.312,APTUSDT,481681413,9940822111.0,SELL,5.15300,34.5,0,,177.778500,0.07111140,USDT,1722946472312.0,SHORT,False,False
2024-08-06 12:14:34.702,LINKUSDT,1026920834,33610326303.0,BUY,9.973,3.01,0,,30.01873,0.01200749,USDT,1722946474702.0,LONG,True,False
2024-08-06 12:14:34.702,LINKUSDT,1026920835,33610326303.0,BUY,9.973,17.25,0,,172.03425,0.06881370,USDT,1722946474702.0,LONG,True,False
2024-08-07 01:03:49.200,APTUSDT,481867242,9948206910.0,BUY,5.12300,6.1,0.18300000,,31.250300,0.01250012,USDT,1722992629200.0,SHORT,True,False
2024-08-07 01:03:49.200,APTUSDT,481867243,9948206910.0,BUY,5.12300,1,0.03000000,,5.123000,0.00204920,USDT,1722992629200.0,SHORT,True,False
2024-08-07 01:03:49.200,APTUSDT,481867244,9948206910.0,BUY,5.12300,32.1,0.96300000,,164.448300,0.06577932,USDT,1722992629200.0,SHORT,True,False
2024-08-07 01:03:50.711,LINKUSDT,1027354528,33624255397.0,SELL,10.114,20.26,2.85666000,,204.90964,0.08196385,USDT,1722992630711.0,LONG,False,False
2024-08-07 16:45:14.141,DOTUSDT,857792394,24203271664.0,BUY,4.533,5.4,0,,24.4782,0.00979128,USDT,1723049114141.0,LONG,True,False
2024-08-07 16:45:14.141,DOTUSDT,857792395,24203271664.0,BUY,4.533,4.3,0,,19.4919,0.00779676,USDT,1723049114141.0,LONG,True,False
2024-08-07 16:45:14.141,DOTUSDT,857792396,24203271664.0,BUY,4.533,13.5,0,,61.1955,0.02447820,USDT,1723049114141.0,LONG,True,False
2024-08-07 16:45:14.141,DOTUSDT,857792397,24203271664.0,BUY,4.533,6.9,0,,31.2777,0.01251108,USDT,1723049114141.0,LONG,True,False
2024-08-07 16:45:14.141,DOTUSDT,857792398,24203271664.0,BUY,4.533,4.4,0,,19.9452,0.00797808,USDT,1723049114141.0,LONG,True,False
2024-08-07 16:45:14.141,DOTUSDT,857792399,24203271664.0,BUY,4.533,1.2,0,,5.4396,0.00217584,USDT,1723049114141.0,LONG,True,False
2024-08-07 16:45:14.141,DOTUSDT,857792400,24203271664.0,BUY,4.533,2.2,0,,9.9726,0.00398904,USDT,1723049114141.0,LONG,True,False
2024-08-07 16:45:14.141,DOTUSDT,857792401,24203271664.0,BUY,4.533,2.2,0,,9.9726,0.00398904,USDT,1723049114141.0,LONG,True,False
2024-08-07 16:45:14.141,DOTUSDT,857792402,24203271664.0,BUY,4.533,22,0,,99.7260,0.03989040,USDT,1723049114141.0,LONG,True,False
2024-08-07 16:45:14.141,DOTUSDT,857792403,24203271664.0,BUY,4.533,26.2,0,,118.7646,0.04750584,USDT,1723049114141.0,LONG,True,False
2024-08-07 16:45:16.753,XRPUSDT,1557463234,62521997845.0,SELL,0.5012,798.2,0,,400.05784,0.16002313,USDT,1723049116753.0,SHORT,False,False
2024-08-07 20:19:48.522,DOTUSDT,857889937,24205994190.0,SELL,4.577,88.3,3.88520000,,404.1491,0.16165964,USDT,1723061988522.0,LONG,False,False
2024-08-07 20:19:49.904,XRPUSDT,1558273143,62538174150.0,BUY,0.5730,485.6,-34.86608000,,278.24880,0.11129952,USDT,1723061989904.0,SHORT,True,False
2024-08-07 20:19:49.904,XRPUSDT,1558273144,62538174150.0,BUY,0.5730,312.6,-22.44468000,,179.11980,0.07164792,USDT,1723061989904.0,SHORT,True,False
2024-08-08 04:03:00.420,ATOMUSDT,707916977,19892814869.0,SELL,4.990,11.01,0,,54.93990,0.02197596,USDT,1723089780420.0,SHORT,False,False
2024-08-08 04:03:00.420,ATOMUSDT,707916978,19892814869.0,SELL,4.990,19.82,0,,98.90180,0.03956072,USDT,1723089780420.0,SHORT,False,False
2024-08-08 04:03:00.420,ATOMUSDT,707916979,19892814869.0,SELL,4.990,43.10,0,,215.06900,0.08602760,USDT,1723089780420.0,SHORT,False,False
2024-08-08 04:03:02.886,MATICUSDT,1045947962,34371310517.0,BUY,0.40850,903,0,,368.87550,0.14755020,USDT,1723089782886.0,LONG,True,False
2024-08-08 16:02:37.744,APTUSDT,482421406,9968691280.0,SELL,5.52000,26,0,,143.520000,0.05740800,USDT,1723132957744.0,SHORT,False,False
2024-08-08 16:02:37.744,APTUSDT,482421407,9968691280.0,SELL,5.52000,10.6,0,,58.512000,0.02340480,USDT,1723132957744.0,SHORT,False,False
2024-08-08 16:02:40.319,LINKUSDT,1028397147,33661973910.0,BUY,10.228,19.76,0,,202.10528,0.08084211,USDT,1723132960319.0,LONG,True,False
2024-08-09 00:03:28.509,APTUSDT,482507820,9972012165.0,SELL,5.72900,31.9,-5.98279354,,182.755100,0.07310203,USDT,1723161808509.0,LONG,False,False
2024-08-09 00:03:29.899,LTCUSDT,945741810,31555949397.0,BUY,61.08,2.890,14.10648507,,176.52120,0.07060848,USDT,1723161809899.0,SHORT,True,False
2024-08-09 12:03:34.680,ATOMUSDT,708204030,19901247946.0,BUY,5.024,0.16,-0.00544000,,0.80384,0.00032153,USDT,1723205014680.0,SHORT,True,False
2024-08-09 12:03:34.680,ATOMUSDT,708204031,19901247946.0,BUY,5.024,73.77,-2.50818000,,370.62048,0.14824819,USDT,1723205014680.0,SHORT,True,False
2024-08-09 12:03:36.092,MATICUSDT,1046397467,34389013918.0,SELL,0.42180,903,12.00990000,,380.88540,0.15235415,USDT,1723205016092.0,LONG,False,False
2024-08-10 15:57:25.594,APTUSDT,482973446,9986546683.0,BUY,6.25800,36.6,-27.01080000,,229.042800,0.09161712,USDT,1723305445594.0,SHORT,True,False
2024-08-10 15:57:26.996,LINKUSDT,1029258214,33693257200.0,SELL,10.597,3.78,1.39482000,,40.05666,0.01602266,USDT,1723305446996.0,LONG,False,False
2024-08-10 15:57:26.996,LINKUSDT,1029258215,33693257200.0,SELL,10.597,3.49,1.28781000,,36.98353,0.01479341,USDT,1723305446996.0,LONG,False,False
2024-08-10 15:57:26.996,LINKUSDT,1029258216,33693257200.0,SELL,10.597,9.43,3.47967000,,99.92971,0.03997188,USDT,1723305446996.0,LONG,False,False
2024-08-10 15:57:26.996,LINKUSDT,1029258217,33693257200.0,SELL,10.597,3.06,1.12914000,,32.42682,0.01297072,USDT,1723305446996.0,LONG,False,False
